Nombre del país,Lugar de nacimiento,Nivel de formación alcanzado,Sexo,Total
España,España,Doctorado universitario,Hombres,197035
España,España,Doctorado universitario,Mujeres,168651
España,España,Doctorado universitario,Total,365686
España,España,Educación primaria,Hombres,1500259
España,España,Educación primaria,Mujeres,2120412
España,España,Educación primaria,Total,3620671
España,España,"Enseñanzas de formación profesional, artes plásticas y diseño y deportivas de grado superior y equivalentes",Hombres,1767701
España,España,"Enseñanzas de formación profesional, artes plásticas y diseño y deportivas de grado superior y equivalentes",Mujeres,1513408
España,España,"Enseñanzas de formación profesional, artes plásticas y diseño y deportivas de grado superior y equivalentes",Total,3281109
España,España,"Grados universitarios de hasta 240 créditos ECTS, diplomados universitarios y equivalentes",Hombres,1453332
España,España,"Grados universitarios de hasta 240 créditos ECTS, diplomados universitarios y equivalentes",Mujeres,2071162
España,España,"Grados universitarios de hasta 240 créditos ECTS, diplomados universitarios y equivalentes",Total,3524494
España,España,"Grados universitarios de más de 240 créditos ECTS, licenciados y equivalentes",Hombres,1407195
España,España,"Grados universitarios de más de 240 créditos ECTS, licenciados y equivalentes",Mujeres,1625226
España,España,"Grados universitarios de más de 240 créditos ECTS, licenciados y equivalentes",Total,3032421
España,España,"Másteres, especialidades en Ciencias de la Salud por el sistema de residencia y similares",Hombres,451723
España,España,"Másteres, especialidades en Ciencias de la Salud por el sistema de residencia y similares",Mujeres,651869
España,España,"Másteres, especialidades en Ciencias de la Salud por el sistema de residencia y similares",Total,1103592
España,España,Primera etapa de educación secundaria y similar,Hombres,5613041
España,España,Primera etapa de educación secundaria y similar,Mujeres,5026080
España,España,Primera etapa de educación secundaria y similar,Total,10639121
España,España,"Segunda etapa de educación secundaria con orientación profesional, Educación postsecundaria no superior",Hombres,1634690
España,España,"Segunda etapa de educación secundaria con orientación profesional, Educación postsecundaria no superior",Mujeres,1549808
España,España,"Segunda etapa de educación secundaria con orientación profesional, Educación postsecundaria no superior",Total,3184498
España,España,"Segunda etapa de educación secundaria, con orientación general",Hombres,2030261
España,España,"Segunda etapa de educación secundaria, con orientación general",Mujeres,1810395
España,España,"Segunda etapa de educación secundaria, con orientación general",Total,3840656
España,España,Sin estudios,Hombres,433966
España,España,Sin estudios,Mujeres,821318
España,España,Sin estudios,Total,1255284
España,España,Total,Hombres,16489203
España,España,Total,Mujeres,17358329
España,España,Total,Total,33847532
España,Extranjera,Doctorado universitario,Hombres,51401
España,Extranjera,Doctorado universitario,Mujeres,54642
España,Extranjera,Doctorado universitario,Total,106043
España,Extranjera,Educación primaria,Hombres,594121
España,Extranjera,Educación primaria,Mujeres,638145
España,Extranjera,Educación primaria,Total,1232266
España,Extranjera,"Enseñanzas de formación profesional, artes plásticas y diseño y deportivas de grado superior y equivalentes",Hombres,169407
España,Extranjera,"Enseñanzas de formación profesional, artes plásticas y diseño y deportivas de grado superior y equivalentes",Mujeres,182164
España,Extranjera,"Enseñanzas de formación profesional, artes plásticas y diseño y deportivas de grado superior y equivalentes",Total,351571
España,Extranjera,"Grados universitarios de hasta 240 créditos ECTS, diplomados universitarios y equivalentes",Hombres,268557
España,Extranjera,"Grados universitarios de hasta 240 créditos ECTS, diplomados universitarios y equivalentes",Mujeres,387230
España,Extranjera,"Grados universitarios de hasta 240 créditos ECTS, diplomados universitarios y equivalentes",Total,655787
España,Extranjera,"Grados universitarios de más de 240 créditos ECTS, licenciados y equivalentes",Hombres,261577
España,Extranjera,"Grados universitarios de más de 240 créditos ECTS, licenciados y equivalentes",Mujeres,326566
España,Extranjera,"Grados universitarios de más de 240 créditos ECTS, licenciados y equivalentes",Total,588143
España,Extranjera,"Másteres, especialidades en Ciencias de la Salud por el sistema de residencia y similares",Hombres,57373
España,Extranjera,"Másteres, especialidades en Ciencias de la Salud por el sistema de residencia y similares",Mujeres,82905
España,Extranjera,"Másteres, especialidades en Ciencias de la Salud por el sistema de residencia y similares",Total,140278
España,Extranjera,Primera etapa de educación secundaria y similar,Hombres,925994
España,Extranjera,Primera etapa de educación secundaria y similar,Mujeres,780962
España,Extranjera,Primera etapa de educación secundaria y similar,Total,1706956
España,Extranjera,"Segunda etapa de educación secundaria con orientación profesional, Educación postsecundaria no superior",Hombres,240808
España,Extranjera,"Segunda etapa de educación secundaria con orientación profesional, Educación postsecundaria no superior",Mujeres,254305
España,Extranjera,"Segunda etapa de educación secundaria con orientación profesional, Educación postsecundaria no superior",Total,495113
España,Extranjera,"Segunda etapa de educación secundaria, con orientación general",Hombres,619983
España,Extranjera,"Segunda etapa de educación secundaria, con orientación general",Mujeres,717845
España,Extranjera,"Segunda etapa de educación secundaria, con orientación general",Total,1337828
España,Extranjera,Sin estudios,Hombres,218968
España,Extranjera,Sin estudios,Mujeres,218722
España,Extranjera,Sin estudios,Total,437690
España,Extranjera,Total,Hombres,3408189
España,Extranjera,Total,Mujeres,3643486
España,Extranjera,Total,Total,7051675
España,Total,Doctorado universitario,Hombres,248436
España,Total,Doctorado universitario,Mujeres,223293
España,Total,Doctorado universitario,Total,471729
España,Total,Educación primaria,Hombres,2094380
España,Total,Educación primaria,Mujeres,2758557
España,Total,Educación primaria,Total,4852937
España,Total,"Enseñanzas de formación profesional, artes plásticas y diseño y deportivas de grado superior y equivalentes",Hombres,1937108
España,Total,"Enseñanzas de formación profesional, artes plásticas y diseño y deportivas de grado superior y equivalentes",Mujeres,1695572
España,Total,"Enseñanzas de formación profesional, artes plásticas y diseño y deportivas de grado superior y equivalentes",Total,3632680
España,Total,"Grados universitarios de hasta 240 créditos ECTS, diplomados universitarios y equivalentes",Hombres,1721889
España,Total,"Grados universitarios de hasta 240 créditos ECTS, diplomados universitarios y equivalentes",Mujeres,2458392
España,Total,"Grados universitarios de hasta 240 créditos ECTS, diplomados universitarios y equivalentes",Total,4180281
España,Total,"Grados universitarios de más de 240 créditos ECTS, licenciados y equivalentes",Hombres,1668772
España,Total,"Grados universitarios de más de 240 créditos ECTS, licenciados y equivalentes",Mujeres,1951792
España,Total,"Grados universitarios de más de 240 créditos ECTS, licenciados y equivalentes",Total,3620564
España,Total,"Másteres, especialidades en Ciencias de la Salud por el sistema de residencia y similares",Hombres,509096
España,Total,"Másteres, especialidades en Ciencias de la Salud por el sistema de residencia y similares",Mujeres,734774
España,Total,"Másteres, especialidades en Ciencias de la Salud por el sistema de residencia y similares",Total,1243870
España,Total,Primera etapa de educación secundaria y similar,Hombres,6539035
España,Total,Primera etapa de educación secundaria y similar,Mujeres,5807042
España,Total,Primera etapa de educación secundaria y similar,Total,12346077
España,Total,"Segunda etapa de educación secundaria con orientación profesional, Educación postsecundaria no superior",Hombres,1875498
España,Total,"Segunda etapa de educación secundaria con orientación profesional, Educación postsecundaria no superior",Mujeres,1804113
España,Total,"Segunda etapa de educación secundaria con orientación profesional, Educación postsecundaria no superior",Total,3679611
España,Total,"Segunda etapa de educación secundaria, con orientación general",Hombres,2650244
España,Total,"Segunda etapa de educación secundaria, con orientación general",Mujeres,2528240
España,Total,"Segunda etapa de educación secundaria, con orientación general",Total,5178484
España,Total,Sin estudios,Hombres,652934
España,Total,Sin estudios,Mujeres,1040040
España,Total,Sin estudios,Total,1692974
España,Total,Total,Hombres,19897392
España,Total,Total,Mujeres,21001815
España,Total,Total,Total,40899207
