Código comunidad,Nombre comunidad,Código provincia,Nombre provincia,Total
1,Andalucía,29,Málaga,1715109
1,Andalucía,23,Jaén,624191
1,Andalucía,4,Almería,739541
1,Andalucía,21,Huelva,531094
1,Andalucía,11,Cádiz,1250545
1,Andalucía,41,Sevilla,1949558
1,Andalucía,18,Granada,926019
1,Andalucía,14,Córdoba,775110
2,Aragón,50,Zaragoza,968884
2,Aragón,44,Teruel,134132
2,Aragón,22,Huesca,225199
3,"Asturias, Principado de",33,Asturias,1004960
4,"Balears, Illes",7,"Balears, Illes",1187043
5,Canarias,38,Santa Cruz de Tenerife,1051874
5,Canarias,35,"Palmas, Las",1133733
6,Cantabria,39,Cantabria,585450
7,Castilla y León,42,Soria,88330
7,Castilla y León,40,Segovia,153731
7,Castilla y León,9,Burgos,354846
7,Castilla y León,37,Salamanca,326285
7,Castilla y León,47,Valladolid,518158
7,Castilla y León,49,Zamora,167868
7,Castilla y León,5,Ávila,159102
7,Castilla y León,34,Palencia,157993
7,Castilla y León,24,León,449270
8,Castilla - La Mancha,16,Cuenca,196640
8,Castilla - La Mancha,2,Albacete,385967
8,Castilla - La Mancha,45,Toledo,716309
8,Castilla - La Mancha,19,Guadalajara,268412
8,Castilla - La Mancha,13,Ciudad Real,490950
9,Cataluña,25,Lleida,440883
9,Cataluña,17,Girona,790432
9,Cataluña,8,Barcelona,5699602
9,Cataluña,43,Tarragona,830906
10,Comunitat Valenciana,46,Valencia/València,2609322
10,Comunitat Valenciana,3,Alicante/Alacant,1907494
10,Comunitat Valenciana,12,Castellón/Castelló,591300
11,Extremadura,10,Cáceres,388957
11,Extremadura,6,Badajoz,667851
12,Galicia,36,Pontevedra,945198
12,Galicia,15,"Coruña, A",1119164
12,Galicia,27,Lugo,324240
12,Galicia,32,Ourense,304223
13,"Madrid, Comunidad de",28,Madrid,6743254
14,"Murcia, Región de",30,Murcia,1529658
15,"Navarra, Comunidad Foral de",31,Navarra,664514
16,País Vasco,48,Bizkaia,1148677
16,País Vasco,1,Araba/Álava,333908
16,País Vasco,20,Gipuzkoa,723241
17,"Rioja, La",26,"Rioja, La",319617
18,Ceuta,51,Ceuta,83051
19,Melilla,52,Melilla,84932
