Código comunidad,Nombre comunidad,Código provincia,Nombre provincia,Periodo,Total
01,Andalucía,29,Málaga,2022,1715109
01,Andalucía,23,Jaén,2022,624191
01,Andalucía,04,Almería,2022,739541
01,Andalucía,21,Huelva,2022,531094
01,Andalucía,11,Cádiz,2022,1250545
01,Andalucía,41,Sevilla,2022,1949558
01,Andalucía,18,Granada,2022,926019
01,Andalucía,14,Córdoba,2022,775110
02,Aragón,50,Zaragoza,2022,968884
02,Aragón,44,Teruel,2022,134132
02,Aragón,22,Huesca,2022,225199
03,"Asturias, Principado de",33,Asturias,2022,1004960
04,"Balears, Illes",07,"Balears, Illes",2022,1187043
05,Canarias,38,Santa Cruz de Tenerife,2022,1051874
05,Canarias,35,"Palmas, Las",2022,1133733
06,Cantabria,39,Cantabria,2022,585450
08,Castilla - La Mancha,19,Guadalajara,2022,268412
08,Castilla - La Mancha,13,Ciudad Real,2022,490950
08,Castilla - La Mancha,02,Albacete,2022,385967
08,Castilla - La Mancha,45,Toledo,2022,716309
08,Castilla - La Mancha,16,Cuenca,2022,196640
07,Castilla y León,09,Burgos,2022,354846
07,Castilla y León,42,Soria,2022,88330
07,Castilla y León,40,Segovia,2022,153731
07,Castilla y León,34,Palencia,2022,157993
07,Castilla y León,05,Ávila,2022,159102
07,Castilla y León,49,Zamora,2022,167868
07,Castilla y León,47,Valladolid,2022,518158
07,Castilla y León,37,Salamanca,2022,326285
07,Castilla y León,24,León,2022,449270
09,Cataluña,25,Lleida,2022,440883
09,Cataluña,17,Girona,2022,790432
09,Cataluña,08,Barcelona,2022,5699602
09,Cataluña,43,Tarragona,2022,830906
10,Comunitat Valenciana,46,Valencia/València,2022,2609322
10,Comunitat Valenciana,03,Alicante/Alacant,2022,1907494
10,Comunitat Valenciana,12,Castellón/Castelló,2022,591300
11,Extremadura,10,Cáceres,2022,388957
11,Extremadura,06,Badajoz,2022,667851
12,Galicia,36,Pontevedra,2022,945198
12,Galicia,15,"Coruña, A",2022,1119164
12,Galicia,27,Lugo,2022,324240
12,Galicia,32,Ourense,2022,304223
13,"Madrid, Comunidad de",28,Madrid,2022,6743254
14,"Murcia, Región de",30,Murcia,2022,1529658
15,"Navarra, Comunidad Foral de",31,Navarra,2022,664514
16,País Vasco,48,Bizkaia,2022,1148677
16,País Vasco,01,Araba/Álava,2022,333908
16,País Vasco,20,Gipuzkoa,2022,723241
17,"Rioja, La",26,"Rioja, La",2022,319617
18,Ceuta,51,Ceuta,2022,83051
19,Melilla,52,Melilla,2022,84932
