Código comunidad,Nombre comunidad,Código provincia,Nombre provincia,Renta media por hogar en 2022
1,Andalucía,29,Málaga,30644
1,Andalucía,23,Jaén,27429
1,Andalucía,4,Almería,28442
1,Andalucía,21,Huelva,29133
1,Andalucía,11,Cádiz,30055
1,Andalucía,41,Sevilla,31899
1,Andalucía,18,Granada,29113
1,Andalucía,14,Córdoba,29082
2,Aragón,50,Zaragoza,36098
2,Aragón,44,Teruel,32889
2,Aragón,22,Huesca,34901
3,"Asturias, Principado de",33,Asturias,33242
4,"Balears, Illes",7,"Balears, Illes",40597
5,Canarias,38,Santa Cruz de Tenerife,32485
5,Canarias,35,"Palmas, Las",3401
6,Cantabria,39,Cantabria,34461
7,Castilla y León,42,Soria,3383
7,Castilla y León,40,Segovia,33362
7,Castilla y León,9,Burgos,3453
7,Castilla y León,37,Salamanca,30435
7,Castilla y León,47,Valladolid,34708
7,Castilla y León,49,Zamora,27928
7,Castilla y León,5,Ávila,28227
7,Castilla y León,34,Palencia,32105
7,Castilla y León,24,León,31392
8,Castilla - La Mancha,16,Cuenca,29064
8,Castilla - La Mancha,2,Albacete,30908
8,Castilla - La Mancha,45,Toledo,30626
8,Castilla - La Mancha,19,Guadalajara,35509
8,Castilla - La Mancha,13,Ciudad Real,2929
9,Cataluña,25,Lleida,3564
9,Cataluña,17,Girona,37444
9,Cataluña,8,Barcelona,41594
9,Cataluña,43,Tarragona,34872
10,Comunitat Valenciana,46,Valencia/València,34198
10,Comunitat Valenciana,3,Alicante/Alacant,28965
10,Comunitat Valenciana,12,Castellón/Castelló,32694
11,Extremadura,10,Cáceres,26529
11,Extremadura,6,Badajoz,27243
12,Galicia,36,Pontevedra,3323
12,Galicia,15,"Coruña, A",34683
12,Galicia,27,Lugo,30709
12,Galicia,32,Ourense,29073
13,"Madrid, Comunidad de",28,Madrid,45726
14,"Murcia, Región de",30,Murcia,32743
15,"Navarra, Comunidad Foral de",31,Navarra,4076
16,País Vasco,48,Bizkaia,40694
16,País Vasco,1,Araba/Álava,38586
16,País Vasco,20,Gipuzkoa,43392
17,"Rioja, La",26,"Rioja, La",33314
18,Ceuta,51,Ceuta,42318
19,Melilla,52,Melilla,43422
