﻿Titularidad;Sexo;Comunidad autónoma/provincia;Curso;Total
TODOS LOS CENTROS;AMBOS SEXOS;00 TOTAL;TODOS LOS CURSOS;6,9
TODOS LOS CENTROS;AMBOS SEXOS;00 TOTAL;Primer Curso;5,1
TODOS LOS CENTROS;AMBOS SEXOS;00 TOTAL;Segundo Curso;8,9
TODOS LOS CENTROS;AMBOS SEXOS;01 ANDALUCÍA;TODOS LOS CURSOS;8,5
TODOS LOS CENTROS;AMBOS SEXOS;01 ANDALUCÍA;Primer Curso;6,0
TODOS LOS CENTROS;AMBOS SEXOS;01 ANDALUCÍA;Segundo Curso;11,2
TODOS LOS CENTROS;AMBOS SEXOS;Almería;TODOS LOS CURSOS;6,6
TODOS LOS CENTROS;AMBOS SEXOS;Almería;Primer Curso;5,1
TODOS LOS CENTROS;AMBOS SEXOS;Almería;Segundo Curso;8,2
TODOS LOS CENTROS;AMBOS SEXOS;Cádiz;TODOS LOS CURSOS;9,8
TODOS LOS CENTROS;AMBOS SEXOS;Cádiz;Primer Curso;6,9
TODOS LOS CENTROS;AMBOS SEXOS;Cádiz;Segundo Curso;12,8
TODOS LOS CENTROS;AMBOS SEXOS;Córdoba;TODOS LOS CURSOS;5,9
TODOS LOS CENTROS;AMBOS SEXOS;Córdoba;Primer Curso;3,9
TODOS LOS CENTROS;AMBOS SEXOS;Córdoba;Segundo Curso;8,0
TODOS LOS CENTROS;AMBOS SEXOS;Granada;TODOS LOS CURSOS;7,6
TODOS LOS CENTROS;AMBOS SEXOS;Granada;Primer Curso;5,4
TODOS LOS CENTROS;AMBOS SEXOS;Granada;Segundo Curso;10,0
TODOS LOS CENTROS;AMBOS SEXOS;Huelva;TODOS LOS CURSOS;9,7
TODOS LOS CENTROS;AMBOS SEXOS;Huelva;Primer Curso;6,5
TODOS LOS CENTROS;AMBOS SEXOS;Huelva;Segundo Curso;13,1
TODOS LOS CENTROS;AMBOS SEXOS;Jaén;TODOS LOS CURSOS;7,4
TODOS LOS CENTROS;AMBOS SEXOS;Jaén;Primer Curso;5,1
TODOS LOS CENTROS;AMBOS SEXOS;Jaén;Segundo Curso;9,7
TODOS LOS CENTROS;AMBOS SEXOS;Málaga;TODOS LOS CURSOS;10,3
TODOS LOS CENTROS;AMBOS SEXOS;Málaga;Primer Curso;7,2
TODOS LOS CENTROS;AMBOS SEXOS;Málaga;Segundo Curso;13,6
TODOS LOS CENTROS;AMBOS SEXOS;Sevilla;TODOS LOS CURSOS;8,3
TODOS LOS CENTROS;AMBOS SEXOS;Sevilla;Primer Curso;5,8
TODOS LOS CENTROS;AMBOS SEXOS;Sevilla;Segundo Curso;10,9
TODOS LOS CENTROS;AMBOS SEXOS;02 ARAGÓN;TODOS LOS CURSOS;6,2
TODOS LOS CENTROS;AMBOS SEXOS;02 ARAGÓN;Primer Curso;4,9
TODOS LOS CENTROS;AMBOS SEXOS;02 ARAGÓN;Segundo Curso;7,5
TODOS LOS CENTROS;AMBOS SEXOS;Huesca;TODOS LOS CURSOS;4,4
TODOS LOS CENTROS;AMBOS SEXOS;Huesca;Primer Curso;4,3
TODOS LOS CENTROS;AMBOS SEXOS;Huesca;Segundo Curso;4,5
TODOS LOS CENTROS;AMBOS SEXOS;Teruel;TODOS LOS CURSOS;5,3
TODOS LOS CENTROS;AMBOS SEXOS;Teruel;Primer Curso;3,2
TODOS LOS CENTROS;AMBOS SEXOS;Teruel;Segundo Curso;7,4
TODOS LOS CENTROS;AMBOS SEXOS;Zaragoza;TODOS LOS CURSOS;6,6
TODOS LOS CENTROS;AMBOS SEXOS;Zaragoza;Primer Curso;5,2
TODOS LOS CENTROS;AMBOS SEXOS;Zaragoza;Segundo Curso;8,2
TODOS LOS CENTROS;AMBOS SEXOS;03 ASTURIAS, PRINCIPADO DE;TODOS LOS CURSOS;5,5
TODOS LOS CENTROS;AMBOS SEXOS;03 ASTURIAS, PRINCIPADO DE;Primer Curso;4,3
TODOS LOS CENTROS;AMBOS SEXOS;03 ASTURIAS, PRINCIPADO DE;Segundo Curso;6,7
TODOS LOS CENTROS;AMBOS SEXOS;04 BALEARS, ILLES;TODOS LOS CURSOS;7,7
TODOS LOS CENTROS;AMBOS SEXOS;04 BALEARS, ILLES;Primer Curso;6,2
TODOS LOS CENTROS;AMBOS SEXOS;04 BALEARS, ILLES;Segundo Curso;9,4
TODOS LOS CENTROS;AMBOS SEXOS;05 CANARIAS;TODOS LOS CURSOS;5,3
TODOS LOS CENTROS;AMBOS SEXOS;05 CANARIAS;Primer Curso;4,6
TODOS LOS CENTROS;AMBOS SEXOS;05 CANARIAS;Segundo Curso;6,0
TODOS LOS CENTROS;AMBOS SEXOS;Las Palmas;TODOS LOS CURSOS;5,4
TODOS LOS CENTROS;AMBOS SEXOS;Las Palmas;Primer Curso;4,7
TODOS LOS CENTROS;AMBOS SEXOS;Las Palmas;Segundo Curso;6,2
TODOS LOS CENTROS;AMBOS SEXOS;Santa Cruz de Tenerife;TODOS LOS CURSOS;5,1
TODOS LOS CENTROS;AMBOS SEXOS;Santa Cruz de Tenerife;Primer Curso;4,5
TODOS LOS CENTROS;AMBOS SEXOS;Santa Cruz de Tenerife;Segundo Curso;5,8
TODOS LOS CENTROS;AMBOS SEXOS;06 CANTABRIA;TODOS LOS CURSOS;6,6
TODOS LOS CENTROS;AMBOS SEXOS;06 CANTABRIA;Primer Curso;5,2
TODOS LOS CENTROS;AMBOS SEXOS;06 CANTABRIA;Segundo Curso;8,0
TODOS LOS CENTROS;AMBOS SEXOS;07 CASTILLA Y LEÓN;TODOS LOS CURSOS;11,6
TODOS LOS CENTROS;AMBOS SEXOS;07 CASTILLA Y LEÓN;Primer Curso;8,2
TODOS LOS CENTROS;AMBOS SEXOS;07 CASTILLA Y LEÓN;Segundo Curso;15,0
TODOS LOS CENTROS;AMBOS SEXOS;Ávila;TODOS LOS CURSOS;15,4
TODOS LOS CENTROS;AMBOS SEXOS;Ávila;Primer Curso;9,6
TODOS LOS CENTROS;AMBOS SEXOS;Ávila;Segundo Curso;21,8
TODOS LOS CENTROS;AMBOS SEXOS;Burgos;TODOS LOS CURSOS;8,5
TODOS LOS CENTROS;AMBOS SEXOS;Burgos;Primer Curso;5,3
TODOS LOS CENTROS;AMBOS SEXOS;Burgos;Segundo Curso;11,9
TODOS LOS CENTROS;AMBOS SEXOS;León;TODOS LOS CURSOS;14,4
TODOS LOS CENTROS;AMBOS SEXOS;León;Primer Curso;10,3
TODOS LOS CENTROS;AMBOS SEXOS;León;Segundo Curso;18,5
TODOS LOS CENTROS;AMBOS SEXOS;Palencia;TODOS LOS CURSOS;11,3
TODOS LOS CENTROS;AMBOS SEXOS;Palencia;Primer Curso;7,8
TODOS LOS CENTROS;AMBOS SEXOS;Palencia;Segundo Curso;15,0
TODOS LOS CENTROS;AMBOS SEXOS;Salamanca;TODOS LOS CURSOS;11,3
TODOS LOS CENTROS;AMBOS SEXOS;Salamanca;Primer Curso;8,6
TODOS LOS CENTROS;AMBOS SEXOS;Salamanca;Segundo Curso;14,1
TODOS LOS CENTROS;AMBOS SEXOS;Segovia;TODOS LOS CURSOS;16,7
TODOS LOS CENTROS;AMBOS SEXOS;Segovia;Primer Curso;13,0
TODOS LOS CENTROS;AMBOS SEXOS;Segovia;Segundo Curso;20,4
TODOS LOS CENTROS;AMBOS SEXOS;Soria;TODOS LOS CURSOS;3,5
TODOS LOS CENTROS;AMBOS SEXOS;Soria;Primer Curso;3,4
TODOS LOS CENTROS;AMBOS SEXOS;Soria;Segundo Curso;3,6
TODOS LOS CENTROS;AMBOS SEXOS;Valladolid;TODOS LOS CURSOS;10,5
TODOS LOS CENTROS;AMBOS SEXOS;Valladolid;Primer Curso;6,8
TODOS LOS CENTROS;AMBOS SEXOS;Valladolid;Segundo Curso;14,3
TODOS LOS CENTROS;AMBOS SEXOS;Zamora;TODOS LOS CURSOS;10,4
TODOS LOS CENTROS;AMBOS SEXOS;Zamora;Primer Curso;9,7
TODOS LOS CENTROS;AMBOS SEXOS;Zamora;Segundo Curso;11,1
TODOS LOS CENTROS;AMBOS SEXOS;08 CASTILLA-LA MANCHA;TODOS LOS CURSOS;8,8
TODOS LOS CENTROS;AMBOS SEXOS;08 CASTILLA-LA MANCHA;Primer Curso;6,0
TODOS LOS CENTROS;AMBOS SEXOS;08 CASTILLA-LA MANCHA;Segundo Curso;11,9
TODOS LOS CENTROS;AMBOS SEXOS;Albacete;TODOS LOS CURSOS;6,9
TODOS LOS CENTROS;AMBOS SEXOS;Albacete;Primer Curso;5,3
TODOS LOS CENTROS;AMBOS SEXOS;Albacete;Segundo Curso;8,7
TODOS LOS CENTROS;AMBOS SEXOS;Ciudad Real;TODOS LOS CURSOS;8,1
TODOS LOS CENTROS;AMBOS SEXOS;Ciudad Real;Primer Curso;4,8
TODOS LOS CENTROS;AMBOS SEXOS;Ciudad Real;Segundo Curso;11,8
TODOS LOS CENTROS;AMBOS SEXOS;Cuenca;TODOS LOS CURSOS;7,0
TODOS LOS CENTROS;AMBOS SEXOS;Cuenca;Primer Curso;5,2
TODOS LOS CENTROS;AMBOS SEXOS;Cuenca;Segundo Curso;8,9
TODOS LOS CENTROS;AMBOS SEXOS;Guadalajara;TODOS LOS CURSOS;10,1
TODOS LOS CENTROS;AMBOS SEXOS;Guadalajara;Primer Curso;7,1
TODOS LOS CENTROS;AMBOS SEXOS;Guadalajara;Segundo Curso;13,4
TODOS LOS CENTROS;AMBOS SEXOS;Toledo;TODOS LOS CURSOS;10,4
TODOS LOS CENTROS;AMBOS SEXOS;Toledo;Primer Curso;6,9
TODOS LOS CENTROS;AMBOS SEXOS;Toledo;Segundo Curso;14,1
TODOS LOS CENTROS;AMBOS SEXOS;09 CATALUÑA;TODOS LOS CURSOS;5,3
TODOS LOS CENTROS;AMBOS SEXOS;09 CATALUÑA;Primer Curso;4,3
TODOS LOS CENTROS;AMBOS SEXOS;09 CATALUÑA;Segundo Curso;6,4
TODOS LOS CENTROS;AMBOS SEXOS;Barcelona;TODOS LOS CURSOS;5,2
TODOS LOS CENTROS;AMBOS SEXOS;Barcelona;Primer Curso;4,2
TODOS LOS CENTROS;AMBOS SEXOS;Barcelona;Segundo Curso;6,3
TODOS LOS CENTROS;AMBOS SEXOS;Girona;TODOS LOS CURSOS;5,0
TODOS LOS CENTROS;AMBOS SEXOS;Girona;Primer Curso;4,4
TODOS LOS CENTROS;AMBOS SEXOS;Girona;Segundo Curso;5,8
TODOS LOS CENTROS;AMBOS SEXOS;Lleida;TODOS LOS CURSOS;3,8
TODOS LOS CENTROS;AMBOS SEXOS;Lleida;Primer Curso;3,1
TODOS LOS CENTROS;AMBOS SEXOS;Lleida;Segundo Curso;4,5
TODOS LOS CENTROS;AMBOS SEXOS;Tarragona;TODOS LOS CURSOS;7,2
TODOS LOS CENTROS;AMBOS SEXOS;Tarragona;Primer Curso;6,0
TODOS LOS CENTROS;AMBOS SEXOS;Tarragona;Segundo Curso;8,6
TODOS LOS CENTROS;AMBOS SEXOS;10 COMUNITAT VALENCIANA;TODOS LOS CURSOS;5,1
TODOS LOS CENTROS;AMBOS SEXOS;10 COMUNITAT VALENCIANA;Primer Curso;4,9
TODOS LOS CENTROS;AMBOS SEXOS;10 COMUNITAT VALENCIANA;Segundo Curso;5,3
TODOS LOS CENTROS;AMBOS SEXOS;Alicante/Alacant;TODOS LOS CURSOS;6,2
TODOS LOS CENTROS;AMBOS SEXOS;Alicante/Alacant;Primer Curso;6,1
TODOS LOS CENTROS;AMBOS SEXOS;Alicante/Alacant;Segundo Curso;6,3
TODOS LOS CENTROS;AMBOS SEXOS;Castellón/Castelló;TODOS LOS CURSOS;5,7
TODOS LOS CENTROS;AMBOS SEXOS;Castellón/Castelló;Primer Curso;4,8
TODOS LOS CENTROS;AMBOS SEXOS;Castellón/Castelló;Segundo Curso;6,6
TODOS LOS CENTROS;AMBOS SEXOS;Valencia/València;TODOS LOS CURSOS;4,1
TODOS LOS CENTROS;AMBOS SEXOS;Valencia/València;Primer Curso;4,0
TODOS LOS CENTROS;AMBOS SEXOS;Valencia/València;Segundo Curso;4,2
TODOS LOS CENTROS;AMBOS SEXOS;11 EXTREMADURA;TODOS LOS CURSOS;8,1
TODOS LOS CENTROS;AMBOS SEXOS;11 EXTREMADURA;Primer Curso;6,0
TODOS LOS CENTROS;AMBOS SEXOS;11 EXTREMADURA;Segundo Curso;10,2
TODOS LOS CENTROS;AMBOS SEXOS;Badajoz;TODOS LOS CURSOS;8,2
TODOS LOS CENTROS;AMBOS SEXOS;Badajoz;Primer Curso;6,0
TODOS LOS CENTROS;AMBOS SEXOS;Badajoz;Segundo Curso;10,3
TODOS LOS CENTROS;AMBOS SEXOS;Cáceres;TODOS LOS CURSOS;7,9
TODOS LOS CENTROS;AMBOS SEXOS;Cáceres;Primer Curso;5,9
TODOS LOS CENTROS;AMBOS SEXOS;Cáceres;Segundo Curso;10,1
TODOS LOS CENTROS;AMBOS SEXOS;12 GALICIA;TODOS LOS CURSOS;5,3
TODOS LOS CENTROS;AMBOS SEXOS;12 GALICIA;Primer Curso;3,7
TODOS LOS CENTROS;AMBOS SEXOS;12 GALICIA;Segundo Curso;7,0
TODOS LOS CENTROS;AMBOS SEXOS;A Coruña;TODOS LOS CURSOS;5,2
TODOS LOS CENTROS;AMBOS SEXOS;A Coruña;Primer Curso;3,6
TODOS LOS CENTROS;AMBOS SEXOS;A Coruña;Segundo Curso;6,8
TODOS LOS CENTROS;AMBOS SEXOS;Lugo;TODOS LOS CURSOS;4,0
TODOS LOS CENTROS;AMBOS SEXOS;Lugo;Primer Curso;3,4
TODOS LOS CENTROS;AMBOS SEXOS;Lugo;Segundo Curso;4,7
TODOS LOS CENTROS;AMBOS SEXOS;Ourense;TODOS LOS CURSOS;4,3
TODOS LOS CENTROS;AMBOS SEXOS;Ourense;Primer Curso;3,2
TODOS LOS CENTROS;AMBOS SEXOS;Ourense;Segundo Curso;5,4
TODOS LOS CENTROS;AMBOS SEXOS;Pontevedra;TODOS LOS CURSOS;6,0
TODOS LOS CENTROS;AMBOS SEXOS;Pontevedra;Primer Curso;3,9
TODOS LOS CENTROS;AMBOS SEXOS;Pontevedra;Segundo Curso;8,3
TODOS LOS CENTROS;AMBOS SEXOS;13 MADRID, COMUNIDAD DE;TODOS LOS CURSOS;7,5
TODOS LOS CENTROS;AMBOS SEXOS;13 MADRID, COMUNIDAD DE;Primer Curso;4,3
TODOS LOS CENTROS;AMBOS SEXOS;13 MADRID, COMUNIDAD DE;Segundo Curso;10,9
TODOS LOS CENTROS;AMBOS SEXOS;14 MURCIA, REGIÓN DE;TODOS LOS CURSOS;10,3
TODOS LOS CENTROS;AMBOS SEXOS;14 MURCIA, REGIÓN DE;Primer Curso;8,5
TODOS LOS CENTROS;AMBOS SEXOS;14 MURCIA, REGIÓN DE;Segundo Curso;12,3
TODOS LOS CENTROS;AMBOS SEXOS;15 NAVARRA, COMUNIDAD FORAL DE;TODOS LOS CURSOS;4,5
TODOS LOS CENTROS;AMBOS SEXOS;15 NAVARRA, COMUNIDAD FORAL DE;Primer Curso;3,8
TODOS LOS CENTROS;AMBOS SEXOS;15 NAVARRA, COMUNIDAD FORAL DE;Segundo Curso;5,2
TODOS LOS CENTROS;AMBOS SEXOS;16 PAÍS VASCO;TODOS LOS CURSOS;3,5
TODOS LOS CENTROS;AMBOS SEXOS;16 PAÍS VASCO;Primer Curso;2,2
TODOS LOS CENTROS;AMBOS SEXOS;16 PAÍS VASCO;Segundo Curso;4,9
TODOS LOS CENTROS;AMBOS SEXOS;Araba/Álava;TODOS LOS CURSOS;5,1
TODOS LOS CENTROS;AMBOS SEXOS;Araba/Álava;Primer Curso;3,2
TODOS LOS CENTROS;AMBOS SEXOS;Araba/Álava;Segundo Curso;7,2
TODOS LOS CENTROS;AMBOS SEXOS;Gipuzkoa;TODOS LOS CURSOS;2,1
TODOS LOS CENTROS;AMBOS SEXOS;Gipuzkoa;Primer Curso;1,4
TODOS LOS CENTROS;AMBOS SEXOS;Gipuzkoa;Segundo Curso;2,7
TODOS LOS CENTROS;AMBOS SEXOS;Bizkaia;TODOS LOS CURSOS;4,0
TODOS LOS CENTROS;AMBOS SEXOS;Bizkaia;Primer Curso;2,5
TODOS LOS CENTROS;AMBOS SEXOS;Bizkaia;Segundo Curso;5,7
TODOS LOS CENTROS;AMBOS SEXOS;17 RIOJA, LA;TODOS LOS CURSOS;5,0
TODOS LOS CENTROS;AMBOS SEXOS;17 RIOJA, LA;Primer Curso;3,2
TODOS LOS CENTROS;AMBOS SEXOS;17 RIOJA, LA;Segundo Curso;6,9
TODOS LOS CENTROS;AMBOS SEXOS;18 CEUTA;TODOS LOS CURSOS;13,3
TODOS LOS CENTROS;AMBOS SEXOS;18 CEUTA;Primer Curso;13,3
TODOS LOS CENTROS;AMBOS SEXOS;18 CEUTA;Segundo Curso;13,4
TODOS LOS CENTROS;AMBOS SEXOS;19 MELILLA;TODOS LOS CURSOS;7,4
TODOS LOS CENTROS;AMBOS SEXOS;19 MELILLA;Primer Curso;8,1
TODOS LOS CENTROS;AMBOS SEXOS;19 MELILLA;Segundo Curso;6,5
TODOS LOS CENTROS;Hombres;00 TOTAL;TODOS LOS CURSOS;8,3
TODOS LOS CENTROS;Hombres;00 TOTAL;Primer Curso;6,0
TODOS LOS CENTROS;Hombres;00 TOTAL;Segundo Curso;10,7
TODOS LOS CENTROS;Hombres;01 ANDALUCÍA;TODOS LOS CURSOS;10,0
TODOS LOS CENTROS;Hombres;01 ANDALUCÍA;Primer Curso;6,9
TODOS LOS CENTROS;Hombres;01 ANDALUCÍA;Segundo Curso;13,3
TODOS LOS CENTROS;Hombres;Almería;TODOS LOS CURSOS;8,0
TODOS LOS CENTROS;Hombres;Almería;Primer Curso;5,7
TODOS LOS CENTROS;Hombres;Almería;Segundo Curso;10,7
TODOS LOS CENTROS;Hombres;Cádiz;TODOS LOS CURSOS;11,1
TODOS LOS CENTROS;Hombres;Cádiz;Primer Curso;7,6
TODOS LOS CENTROS;Hombres;Cádiz;Segundo Curso;15,0
TODOS LOS CENTROS;Hombres;Córdoba;TODOS LOS CURSOS;6,7
TODOS LOS CENTROS;Hombres;Córdoba;Primer Curso;4,2
TODOS LOS CENTROS;Hombres;Córdoba;Segundo Curso;9,2
TODOS LOS CENTROS;Hombres;Granada;TODOS LOS CURSOS;9,2
TODOS LOS CENTROS;Hombres;Granada;Primer Curso;7,0
TODOS LOS CENTROS;Hombres;Granada;Segundo Curso;11,5
TODOS LOS CENTROS;Hombres;Huelva;TODOS LOS CURSOS;11,6
TODOS LOS CENTROS;Hombres;Huelva;Primer Curso;7,8
TODOS LOS CENTROS;Hombres;Huelva;Segundo Curso;15,6
TODOS LOS CENTROS;Hombres;Jaén;TODOS LOS CURSOS;9,3
TODOS LOS CENTROS;Hombres;Jaén;Primer Curso;6,6
TODOS LOS CENTROS;Hombres;Jaén;Segundo Curso;12,2
TODOS LOS CENTROS;Hombres;Málaga;TODOS LOS CURSOS;12,2
TODOS LOS CENTROS;Hombres;Málaga;Primer Curso;8,5
TODOS LOS CENTROS;Hombres;Málaga;Segundo Curso;16,4
TODOS LOS CENTROS;Hombres;Sevilla;TODOS LOS CURSOS;9,4
TODOS LOS CENTROS;Hombres;Sevilla;Primer Curso;6,4
TODOS LOS CENTROS;Hombres;Sevilla;Segundo Curso;12,6
TODOS LOS CENTROS;Hombres;02 ARAGÓN;TODOS LOS CURSOS;7,2
TODOS LOS CENTROS;Hombres;02 ARAGÓN;Primer Curso;5,4
TODOS LOS CENTROS;Hombres;02 ARAGÓN;Segundo Curso;9,1
TODOS LOS CENTROS;Hombres;Huesca;TODOS LOS CURSOS;4,5
TODOS LOS CENTROS;Hombres;Huesca;Primer Curso;4,1
TODOS LOS CENTROS;Hombres;Huesca;Segundo Curso;5,0
TODOS LOS CENTROS;Hombres;Teruel;TODOS LOS CURSOS;7,1
TODOS LOS CENTROS;Hombres;Teruel;Primer Curso;2,8
TODOS LOS CENTROS;Hombres;Teruel;Segundo Curso;11,9
TODOS LOS CENTROS;Hombres;Zaragoza;TODOS LOS CURSOS;7,7
TODOS LOS CENTROS;Hombres;Zaragoza;Primer Curso;5,9
TODOS LOS CENTROS;Hombres;Zaragoza;Segundo Curso;9,6
TODOS LOS CENTROS;Hombres;03 ASTURIAS, PRINCIPADO DE;TODOS LOS CURSOS;6,4
TODOS LOS CENTROS;Hombres;03 ASTURIAS, PRINCIPADO DE;Primer Curso;4,9
TODOS LOS CENTROS;Hombres;03 ASTURIAS, PRINCIPADO DE;Segundo Curso;7,9
TODOS LOS CENTROS;Hombres;04 BALEARS, ILLES;TODOS LOS CURSOS;9,0
TODOS LOS CENTROS;Hombres;04 BALEARS, ILLES;Primer Curso;7,4
TODOS LOS CENTROS;Hombres;04 BALEARS, ILLES;Segundo Curso;10,9
TODOS LOS CENTROS;Hombres;05 CANARIAS;TODOS LOS CURSOS;6,8
TODOS LOS CENTROS;Hombres;05 CANARIAS;Primer Curso;5,9
TODOS LOS CENTROS;Hombres;05 CANARIAS;Segundo Curso;7,8
TODOS LOS CENTROS;Hombres;Las Palmas;TODOS LOS CURSOS;7,0
TODOS LOS CENTROS;Hombres;Las Palmas;Primer Curso;6,0
TODOS LOS CENTROS;Hombres;Las Palmas;Segundo Curso;8,1
TODOS LOS CENTROS;Hombres;Santa Cruz de Tenerife;TODOS LOS CURSOS;6,6
TODOS LOS CENTROS;Hombres;Santa Cruz de Tenerife;Primer Curso;5,7
TODOS LOS CENTROS;Hombres;Santa Cruz de Tenerife;Segundo Curso;7,5
TODOS LOS CENTROS;Hombres;06 CANTABRIA;TODOS LOS CURSOS;8,3
TODOS LOS CENTROS;Hombres;06 CANTABRIA;Primer Curso;6,6
TODOS LOS CENTROS;Hombres;06 CANTABRIA;Segundo Curso;9,9
TODOS LOS CENTROS;Hombres;07 CASTILLA Y LEÓN;TODOS LOS CURSOS;13,7
TODOS LOS CENTROS;Hombres;07 CASTILLA Y LEÓN;Primer Curso;9,9
TODOS LOS CENTROS;Hombres;07 CASTILLA Y LEÓN;Segundo Curso;17,7
TODOS LOS CENTROS;Hombres;Ávila;TODOS LOS CURSOS;19,1
TODOS LOS CENTROS;Hombres;Ávila;Primer Curso;10,2
TODOS LOS CENTROS;Hombres;Ávila;Segundo Curso;30,1
TODOS LOS CENTROS;Hombres;Burgos;TODOS LOS CURSOS;11,3
TODOS LOS CENTROS;Hombres;Burgos;Primer Curso;7,2
TODOS LOS CENTROS;Hombres;Burgos;Segundo Curso;15,7
TODOS LOS CENTROS;Hombres;León;TODOS LOS CURSOS;15,3
TODOS LOS CENTROS;Hombres;León;Primer Curso;10,0
TODOS LOS CENTROS;Hombres;León;Segundo Curso;20,8
TODOS LOS CENTROS;Hombres;Palencia;TODOS LOS CURSOS;15,9
TODOS LOS CENTROS;Hombres;Palencia;Primer Curso;12,1
TODOS LOS CENTROS;Hombres;Palencia;Segundo Curso;19,8
TODOS LOS CENTROS;Hombres;Salamanca;TODOS LOS CURSOS;12,2
TODOS LOS CENTROS;Hombres;Salamanca;Primer Curso;9,6
TODOS LOS CENTROS;Hombres;Salamanca;Segundo Curso;14,8
TODOS LOS CENTROS;Hombres;Segovia;TODOS LOS CURSOS;20,5
TODOS LOS CENTROS;Hombres;Segovia;Primer Curso;19,0
TODOS LOS CENTROS;Hombres;Segovia;Segundo Curso;21,8
TODOS LOS CENTROS;Hombres;Soria;TODOS LOS CURSOS;3,6
TODOS LOS CENTROS;Hombres;Soria;Primer Curso;3,2
TODOS LOS CENTROS;Hombres;Soria;Segundo Curso;4,1
TODOS LOS CENTROS;Hombres;Valladolid;TODOS LOS CURSOS;13,0
TODOS LOS CENTROS;Hombres;Valladolid;Primer Curso;9,3
TODOS LOS CENTROS;Hombres;Valladolid;Segundo Curso;16,9
TODOS LOS CENTROS;Hombres;Zamora;TODOS LOS CURSOS;12,1
TODOS LOS CENTROS;Hombres;Zamora;Primer Curso;10,7
TODOS LOS CENTROS;Hombres;Zamora;Segundo Curso;13,5
TODOS LOS CENTROS;Hombres;08 CASTILLA-LA MANCHA;TODOS LOS CURSOS;10,3
TODOS LOS CENTROS;Hombres;08 CASTILLA-LA MANCHA;Primer Curso;6,8
TODOS LOS CENTROS;Hombres;08 CASTILLA-LA MANCHA;Segundo Curso;14,3
TODOS LOS CENTROS;Hombres;Albacete;TODOS LOS CURSOS;8,3
TODOS LOS CENTROS;Hombres;Albacete;Primer Curso;6,3
TODOS LOS CENTROS;Hombres;Albacete;Segundo Curso;10,6
TODOS LOS CENTROS;Hombres;Ciudad Real;TODOS LOS CURSOS;8,6
TODOS LOS CENTROS;Hombres;Ciudad Real;Primer Curso;5,2
TODOS LOS CENTROS;Hombres;Ciudad Real;Segundo Curso;12,6
TODOS LOS CENTROS;Hombres;Cuenca;TODOS LOS CURSOS;8,7
TODOS LOS CENTROS;Hombres;Cuenca;Primer Curso;6,9
TODOS LOS CENTROS;Hombres;Cuenca;Segundo Curso;10,8
TODOS LOS CENTROS;Hombres;Guadalajara;TODOS LOS CURSOS;10,9
TODOS LOS CENTROS;Hombres;Guadalajara;Primer Curso;7,3
TODOS LOS CENTROS;Hombres;Guadalajara;Segundo Curso;14,7
TODOS LOS CENTROS;Hombres;Toledo;TODOS LOS CURSOS;12,8
TODOS LOS CENTROS;Hombres;Toledo;Primer Curso;8,0
TODOS LOS CENTROS;Hombres;Toledo;Segundo Curso;18,2
TODOS LOS CENTROS;Hombres;09 CATALUÑA;TODOS LOS CURSOS;6,3
TODOS LOS CENTROS;Hombres;09 CATALUÑA;Primer Curso;5,1
TODOS LOS CENTROS;Hombres;09 CATALUÑA;Segundo Curso;7,6
TODOS LOS CENTROS;Hombres;Barcelona;TODOS LOS CURSOS;6,1
TODOS LOS CENTROS;Hombres;Barcelona;Primer Curso;4,8
TODOS LOS CENTROS;Hombres;Barcelona;Segundo Curso;7,5
TODOS LOS CENTROS;Hombres;Girona;TODOS LOS CURSOS;6,6
TODOS LOS CENTROS;Hombres;Girona;Primer Curso;5,4
TODOS LOS CENTROS;Hombres;Girona;Segundo Curso;8,0
TODOS LOS CENTROS;Hombres;Lleida;TODOS LOS CURSOS;4,7
TODOS LOS CENTROS;Hombres;Lleida;Primer Curso;4,1
TODOS LOS CENTROS;Hombres;Lleida;Segundo Curso;5,5
TODOS LOS CENTROS;Hombres;Tarragona;TODOS LOS CURSOS;8,3
TODOS LOS CENTROS;Hombres;Tarragona;Primer Curso;7,7
TODOS LOS CENTROS;Hombres;Tarragona;Segundo Curso;8,9
TODOS LOS CENTROS;Hombres;10 COMUNITAT VALENCIANA;TODOS LOS CURSOS;6,4
TODOS LOS CENTROS;Hombres;10 COMUNITAT VALENCIANA;Primer Curso;6,3
TODOS LOS CENTROS;Hombres;10 COMUNITAT VALENCIANA;Segundo Curso;6,6
TODOS LOS CENTROS;Hombres;Alicante/Alacant;TODOS LOS CURSOS;7,9
TODOS LOS CENTROS;Hombres;Alicante/Alacant;Primer Curso;8,2
TODOS LOS CENTROS;Hombres;Alicante/Alacant;Segundo Curso;7,6
TODOS LOS CENTROS;Hombres;Castellón/Castelló;TODOS LOS CURSOS;7,6
TODOS LOS CENTROS;Hombres;Castellón/Castelló;Primer Curso;6,2
TODOS LOS CENTROS;Hombres;Castellón/Castelló;Segundo Curso;9,1
TODOS LOS CENTROS;Hombres;Valencia/València;TODOS LOS CURSOS;5,0
TODOS LOS CENTROS;Hombres;Valencia/València;Primer Curso;4,8
TODOS LOS CENTROS;Hombres;Valencia/València;Segundo Curso;5,3
TODOS LOS CENTROS;Hombres;11 EXTREMADURA;TODOS LOS CURSOS;9,6
TODOS LOS CENTROS;Hombres;11 EXTREMADURA;Primer Curso;7,3
TODOS LOS CENTROS;Hombres;11 EXTREMADURA;Segundo Curso;12,0
TODOS LOS CENTROS;Hombres;Badajoz;TODOS LOS CURSOS;9,7
TODOS LOS CENTROS;Hombres;Badajoz;Primer Curso;7,5
TODOS LOS CENTROS;Hombres;Badajoz;Segundo Curso;11,9
TODOS LOS CENTROS;Hombres;Cáceres;TODOS LOS CURSOS;9,5
TODOS LOS CENTROS;Hombres;Cáceres;Primer Curso;7,0
TODOS LOS CENTROS;Hombres;Cáceres;Segundo Curso;12,2
TODOS LOS CENTROS;Hombres;12 GALICIA;TODOS LOS CURSOS;6,7
TODOS LOS CENTROS;Hombres;12 GALICIA;Primer Curso;4,6
TODOS LOS CENTROS;Hombres;12 GALICIA;Segundo Curso;8,9
TODOS LOS CENTROS;Hombres;A Coruña;TODOS LOS CURSOS;6,5
TODOS LOS CENTROS;Hombres;A Coruña;Primer Curso;4,6
TODOS LOS CENTROS;Hombres;A Coruña;Segundo Curso;8,6
TODOS LOS CENTROS;Hombres;Lugo;TODOS LOS CURSOS;5,3
TODOS LOS CENTROS;Hombres;Lugo;Primer Curso;4,2
TODOS LOS CENTROS;Hombres;Lugo;Segundo Curso;6,5
TODOS LOS CENTROS;Hombres;Ourense;TODOS LOS CURSOS;5,1
TODOS LOS CENTROS;Hombres;Ourense;Primer Curso;4,5
TODOS LOS CENTROS;Hombres;Ourense;Segundo Curso;5,8
TODOS LOS CENTROS;Hombres;Pontevedra;TODOS LOS CURSOS;7,6
TODOS LOS CENTROS;Hombres;Pontevedra;Primer Curso;4,8
TODOS LOS CENTROS;Hombres;Pontevedra;Segundo Curso;10,6
TODOS LOS CENTROS;Hombres;13 MADRID, COMUNIDAD DE;TODOS LOS CURSOS;8,8
TODOS LOS CENTROS;Hombres;13 MADRID, COMUNIDAD DE;Primer Curso;5,0
TODOS LOS CENTROS;Hombres;13 MADRID, COMUNIDAD DE;Segundo Curso;12,7
TODOS LOS CENTROS;Hombres;14 MURCIA, REGIÓN DE;TODOS LOS CURSOS;12,3
TODOS LOS CENTROS;Hombres;14 MURCIA, REGIÓN DE;Primer Curso;10,1
TODOS LOS CENTROS;Hombres;14 MURCIA, REGIÓN DE;Segundo Curso;14,8
TODOS LOS CENTROS;Hombres;15 NAVARRA, COMUNIDAD FORAL DE;TODOS LOS CURSOS;5,2
TODOS LOS CENTROS;Hombres;15 NAVARRA, COMUNIDAD FORAL DE;Primer Curso;4,2
TODOS LOS CENTROS;Hombres;15 NAVARRA, COMUNIDAD FORAL DE;Segundo Curso;6,2
TODOS LOS CENTROS;Hombres;16 PAÍS VASCO;TODOS LOS CURSOS;4,1
TODOS LOS CENTROS;Hombres;16 PAÍS VASCO;Primer Curso;2,5
TODOS LOS CENTROS;Hombres;16 PAÍS VASCO;Segundo Curso;5,7
TODOS LOS CENTROS;Hombres;Araba/Álava;TODOS LOS CURSOS;5,7
TODOS LOS CENTROS;Hombres;Araba/Álava;Primer Curso;3,3
TODOS LOS CENTROS;Hombres;Araba/Álava;Segundo Curso;8,2
TODOS LOS CENTROS;Hombres;Gipuzkoa;TODOS LOS CURSOS;2,4
TODOS LOS CENTROS;Hombres;Gipuzkoa;Primer Curso;1,6
TODOS LOS CENTROS;Hombres;Gipuzkoa;Segundo Curso;3,2
TODOS LOS CENTROS;Hombres;Bizkaia;TODOS LOS CURSOS;4,8
TODOS LOS CENTROS;Hombres;Bizkaia;Primer Curso;2,9
TODOS LOS CENTROS;Hombres;Bizkaia;Segundo Curso;6,8
TODOS LOS CENTROS;Hombres;17 RIOJA, LA;TODOS LOS CURSOS;6,4
TODOS LOS CENTROS;Hombres;17 RIOJA, LA;Primer Curso;3,9
TODOS LOS CENTROS;Hombres;17 RIOJA, LA;Segundo Curso;9,2
TODOS LOS CENTROS;Hombres;18 CEUTA;TODOS LOS CURSOS;16,0
TODOS LOS CENTROS;Hombres;18 CEUTA;Primer Curso;15,1
TODOS LOS CENTROS;Hombres;18 CEUTA;Segundo Curso;17,4
TODOS LOS CENTROS;Hombres;19 MELILLA;TODOS LOS CURSOS;8,9
TODOS LOS CENTROS;Hombres;19 MELILLA;Primer Curso;9,8
TODOS LOS CENTROS;Hombres;19 MELILLA;Segundo Curso;7,9
TODOS LOS CENTROS;Mujeres;00 TOTAL;TODOS LOS CURSOS;5,8
TODOS LOS CENTROS;Mujeres;00 TOTAL;Primer Curso;4,3
TODOS LOS CENTROS;Mujeres;00 TOTAL;Segundo Curso;7,5
TODOS LOS CENTROS;Mujeres;01 ANDALUCÍA;TODOS LOS CURSOS;7,3
TODOS LOS CENTROS;Mujeres;01 ANDALUCÍA;Primer Curso;5,2
TODOS LOS CENTROS;Mujeres;01 ANDALUCÍA;Segundo Curso;9,5
TODOS LOS CENTROS;Mujeres;Almería;TODOS LOS CURSOS;5,5
TODOS LOS CENTROS;Mujeres;Almería;Primer Curso;4,6
TODOS LOS CENTROS;Mujeres;Almería;Segundo Curso;6,4
TODOS LOS CENTROS;Mujeres;Cádiz;TODOS LOS CURSOS;8,5
TODOS LOS CENTROS;Mujeres;Cádiz;Primer Curso;6,3
TODOS LOS CENTROS;Mujeres;Cádiz;Segundo Curso;10,9
TODOS LOS CENTROS;Mujeres;Córdoba;TODOS LOS CURSOS;5,2
TODOS LOS CENTROS;Mujeres;Córdoba;Primer Curso;3,5
TODOS LOS CENTROS;Mujeres;Córdoba;Segundo Curso;7,0
TODOS LOS CENTROS;Mujeres;Granada;TODOS LOS CURSOS;6,3
TODOS LOS CENTROS;Mujeres;Granada;Primer Curso;4,0
TODOS LOS CENTROS;Mujeres;Granada;Segundo Curso;8,7
TODOS LOS CENTROS;Mujeres;Huelva;TODOS LOS CURSOS;8,2
TODOS LOS CENTROS;Mujeres;Huelva;Primer Curso;5,4
TODOS LOS CENTROS;Mujeres;Huelva;Segundo Curso;11,0
TODOS LOS CENTROS;Mujeres;Jaén;TODOS LOS CURSOS;5,7
TODOS LOS CENTROS;Mujeres;Jaén;Primer Curso;3,8
TODOS LOS CENTROS;Mujeres;Jaén;Segundo Curso;7,6
TODOS LOS CENTROS;Mujeres;Málaga;TODOS LOS CURSOS;8,6
TODOS LOS CENTROS;Mujeres;Málaga;Primer Curso;6,1
TODOS LOS CENTROS;Mujeres;Málaga;Segundo Curso;11,3
TODOS LOS CENTROS;Mujeres;Sevilla;TODOS LOS CURSOS;7,4
TODOS LOS CENTROS;Mujeres;Sevilla;Primer Curso;5,2
TODOS LOS CENTROS;Mujeres;Sevilla;Segundo Curso;9,6
TODOS LOS CENTROS;Mujeres;02 ARAGÓN;TODOS LOS CURSOS;5,4
TODOS LOS CENTROS;Mujeres;02 ARAGÓN;Primer Curso;4,5
TODOS LOS CENTROS;Mujeres;02 ARAGÓN;Segundo Curso;6,3
TODOS LOS CENTROS;Mujeres;Huesca;TODOS LOS CURSOS;4,3
TODOS LOS CENTROS;Mujeres;Huesca;Primer Curso;4,5
TODOS LOS CENTROS;Mujeres;Huesca;Segundo Curso;4,2
TODOS LOS CENTROS;Mujeres;Teruel;TODOS LOS CURSOS;4,0
TODOS LOS CENTROS;Mujeres;Teruel;Primer Curso;3,6
TODOS LOS CENTROS;Mujeres;Teruel;Segundo Curso;4,3
TODOS LOS CENTROS;Mujeres;Zaragoza;TODOS LOS CURSOS;5,7
TODOS LOS CENTROS;Mujeres;Zaragoza;Primer Curso;4,6
TODOS LOS CENTROS;Mujeres;Zaragoza;Segundo Curso;7,0
TODOS LOS CENTROS;Mujeres;03 ASTURIAS, PRINCIPADO DE;TODOS LOS CURSOS;4,6
TODOS LOS CENTROS;Mujeres;03 ASTURIAS, PRINCIPADO DE;Primer Curso;3,6
TODOS LOS CENTROS;Mujeres;03 ASTURIAS, PRINCIPADO DE;Segundo Curso;5,7
TODOS LOS CENTROS;Mujeres;04 BALEARS, ILLES;TODOS LOS CURSOS;6,7
TODOS LOS CENTROS;Mujeres;04 BALEARS, ILLES;Primer Curso;5,3
TODOS LOS CENTROS;Mujeres;04 BALEARS, ILLES;Segundo Curso;8,2
TODOS LOS CENTROS;Mujeres;05 CANARIAS;TODOS LOS CURSOS;3,9
TODOS LOS CENTROS;Mujeres;05 CANARIAS;Primer Curso;3,5
TODOS LOS CENTROS;Mujeres;05 CANARIAS;Segundo Curso;4,4
TODOS LOS CENTROS;Mujeres;Las Palmas;TODOS LOS CURSOS;4,1
TODOS LOS CENTROS;Mujeres;Las Palmas;Primer Curso;3,6
TODOS LOS CENTROS;Mujeres;Las Palmas;Segundo Curso;4,6
TODOS LOS CENTROS;Mujeres;Santa Cruz de Tenerife;TODOS LOS CURSOS;3,8
TODOS LOS CENTROS;Mujeres;Santa Cruz de Tenerife;Primer Curso;3,3
TODOS LOS CENTROS;Mujeres;Santa Cruz de Tenerife;Segundo Curso;4,2
TODOS LOS CENTROS;Mujeres;06 CANTABRIA;TODOS LOS CURSOS;5,1
TODOS LOS CENTROS;Mujeres;06 CANTABRIA;Primer Curso;4,0
TODOS LOS CENTROS;Mujeres;06 CANTABRIA;Segundo Curso;6,3
TODOS LOS CENTROS;Mujeres;07 CASTILLA Y LEÓN;TODOS LOS CURSOS;9,7
TODOS LOS CENTROS;Mujeres;07 CASTILLA Y LEÓN;Primer Curso;6,8
TODOS LOS CENTROS;Mujeres;07 CASTILLA Y LEÓN;Segundo Curso;12,8
TODOS LOS CENTROS;Mujeres;Ávila;TODOS LOS CURSOS;12,4
TODOS LOS CENTROS;Mujeres;Ávila;Primer Curso;9,1
TODOS LOS CENTROS;Mujeres;Ávila;Segundo Curso;15,6
TODOS LOS CENTROS;Mujeres;Burgos;TODOS LOS CURSOS;6,2
TODOS LOS CENTROS;Mujeres;Burgos;Primer Curso;3,7
TODOS LOS CENTROS;Mujeres;Burgos;Segundo Curso;8,7
TODOS LOS CENTROS;Mujeres;León;TODOS LOS CURSOS;13,6
TODOS LOS CENTROS;Mujeres;León;Primer Curso;10,6
TODOS LOS CENTROS;Mujeres;León;Segundo Curso;16,6
TODOS LOS CENTROS;Mujeres;Palencia;TODOS LOS CURSOS;7,6
TODOS LOS CENTROS;Mujeres;Palencia;Primer Curso;4,4
TODOS LOS CENTROS;Mujeres;Palencia;Segundo Curso;10,9
TODOS LOS CENTROS;Mujeres;Salamanca;TODOS LOS CURSOS;10,5
TODOS LOS CENTROS;Mujeres;Salamanca;Primer Curso;7,8
TODOS LOS CENTROS;Mujeres;Salamanca;Segundo Curso;13,5
TODOS LOS CENTROS;Mujeres;Segovia;TODOS LOS CURSOS;13,6
TODOS LOS CENTROS;Mujeres;Segovia;Primer Curso;8,1
TODOS LOS CENTROS;Mujeres;Segovia;Segundo Curso;19,1
TODOS LOS CENTROS;Mujeres;Soria;TODOS LOS CURSOS;3,4
TODOS LOS CENTROS;Mujeres;Soria;Primer Curso;3,6
TODOS LOS CENTROS;Mujeres;Soria;Segundo Curso;3,3
TODOS LOS CENTROS;Mujeres;Valladolid;TODOS LOS CURSOS;8,4
TODOS LOS CENTROS;Mujeres;Valladolid;Primer Curso;4,6
TODOS LOS CENTROS;Mujeres;Valladolid;Segundo Curso;12,1
TODOS LOS CENTROS;Mujeres;Zamora;TODOS LOS CURSOS;9,1
TODOS LOS CENTROS;Mujeres;Zamora;Primer Curso;8,8
TODOS LOS CENTROS;Mujeres;Zamora;Segundo Curso;9,3
TODOS LOS CENTROS;Mujeres;08 CASTILLA-LA MANCHA;TODOS LOS CURSOS;7,6
TODOS LOS CENTROS;Mujeres;08 CASTILLA-LA MANCHA;Primer Curso;5,2
TODOS LOS CENTROS;Mujeres;08 CASTILLA-LA MANCHA;Segundo Curso;10,1
TODOS LOS CENTROS;Mujeres;Albacete;TODOS LOS CURSOS;5,7
TODOS LOS CENTROS;Mujeres;Albacete;Primer Curso;4,3
TODOS LOS CENTROS;Mujeres;Albacete;Segundo Curso;7,2
TODOS LOS CENTROS;Mujeres;Ciudad Real;TODOS LOS CURSOS;7,7
TODOS LOS CENTROS;Mujeres;Ciudad Real;Primer Curso;4,6
TODOS LOS CENTROS;Mujeres;Ciudad Real;Segundo Curso;11,1
TODOS LOS CENTROS;Mujeres;Cuenca;TODOS LOS CURSOS;5,7
TODOS LOS CENTROS;Mujeres;Cuenca;Primer Curso;3,8
TODOS LOS CENTROS;Mujeres;Cuenca;Segundo Curso;7,6
TODOS LOS CENTROS;Mujeres;Guadalajara;TODOS LOS CURSOS;9,4
TODOS LOS CENTROS;Mujeres;Guadalajara;Primer Curso;6,8
TODOS LOS CENTROS;Mujeres;Guadalajara;Segundo Curso;12,2
TODOS LOS CENTROS;Mujeres;Toledo;TODOS LOS CURSOS;8,4
TODOS LOS CENTROS;Mujeres;Toledo;Primer Curso;6,0
TODOS LOS CENTROS;Mujeres;Toledo;Segundo Curso;10,9
TODOS LOS CENTROS;Mujeres;09 CATALUÑA;TODOS LOS CURSOS;4,5
TODOS LOS CENTROS;Mujeres;09 CATALUÑA;Primer Curso;3,7
TODOS LOS CENTROS;Mujeres;09 CATALUÑA;Segundo Curso;5,5
TODOS LOS CENTROS;Mujeres;Barcelona;TODOS LOS CURSOS;4,5
TODOS LOS CENTROS;Mujeres;Barcelona;Primer Curso;3,6
TODOS LOS CENTROS;Mujeres;Barcelona;Segundo Curso;5,4
TODOS LOS CENTROS;Mujeres;Girona;TODOS LOS CURSOS;3,9
TODOS LOS CENTROS;Mujeres;Girona;Primer Curso;3,6
TODOS LOS CENTROS;Mujeres;Girona;Segundo Curso;4,2
TODOS LOS CENTROS;Mujeres;Lleida;TODOS LOS CURSOS;3,0
TODOS LOS CENTROS;Mujeres;Lleida;Primer Curso;2,3
TODOS LOS CENTROS;Mujeres;Lleida;Segundo Curso;3,8
TODOS LOS CENTROS;Mujeres;Tarragona;TODOS LOS CURSOS;6,3
TODOS LOS CENTROS;Mujeres;Tarragona;Primer Curso;4,6
TODOS LOS CENTROS;Mujeres;Tarragona;Segundo Curso;8,3
TODOS LOS CENTROS;Mujeres;10 COMUNITAT VALENCIANA;TODOS LOS CURSOS;4,0
TODOS LOS CENTROS;Mujeres;10 COMUNITAT VALENCIANA;Primer Curso;3,7
TODOS LOS CENTROS;Mujeres;10 COMUNITAT VALENCIANA;Segundo Curso;4,2
TODOS LOS CENTROS;Mujeres;Alicante/Alacant;TODOS LOS CURSOS;4,8
TODOS LOS CENTROS;Mujeres;Alicante/Alacant;Primer Curso;4,3
TODOS LOS CENTROS;Mujeres;Alicante/Alacant;Segundo Curso;5,3
TODOS LOS CENTROS;Mujeres;Castellón/Castelló;TODOS LOS CURSOS;4,2
TODOS LOS CENTROS;Mujeres;Castellón/Castelló;Primer Curso;3,7
TODOS LOS CENTROS;Mujeres;Castellón/Castelló;Segundo Curso;4,7
TODOS LOS CENTROS;Mujeres;Valencia/València;TODOS LOS CURSOS;3,4
TODOS LOS CENTROS;Mujeres;Valencia/València;Primer Curso;3,3
TODOS LOS CENTROS;Mujeres;Valencia/València;Segundo Curso;3,4
TODOS LOS CENTROS;Mujeres;11 EXTREMADURA;TODOS LOS CURSOS;6,8
TODOS LOS CENTROS;Mujeres;11 EXTREMADURA;Primer Curso;4,9
TODOS LOS CENTROS;Mujeres;11 EXTREMADURA;Segundo Curso;8,8
TODOS LOS CENTROS;Mujeres;Badajoz;TODOS LOS CURSOS;7,0
TODOS LOS CENTROS;Mujeres;Badajoz;Primer Curso;4,9
TODOS LOS CENTROS;Mujeres;Badajoz;Segundo Curso;9,0
TODOS LOS CENTROS;Mujeres;Cáceres;TODOS LOS CURSOS;6,6
TODOS LOS CENTROS;Mujeres;Cáceres;Primer Curso;4,9
TODOS LOS CENTROS;Mujeres;Cáceres;Segundo Curso;8,3
TODOS LOS CENTROS;Mujeres;12 GALICIA;TODOS LOS CURSOS;4,1
TODOS LOS CENTROS;Mujeres;12 GALICIA;Primer Curso;2,8
TODOS LOS CENTROS;Mujeres;12 GALICIA;Segundo Curso;5,4
TODOS LOS CENTROS;Mujeres;A Coruña;TODOS LOS CURSOS;4,0
TODOS LOS CENTROS;Mujeres;A Coruña;Primer Curso;2,8
TODOS LOS CENTROS;Mujeres;A Coruña;Segundo Curso;5,2
TODOS LOS CENTROS;Mujeres;Lugo;TODOS LOS CURSOS;3,0
TODOS LOS CENTROS;Mujeres;Lugo;Primer Curso;2,8
TODOS LOS CENTROS;Mujeres;Lugo;Segundo Curso;3,2
TODOS LOS CENTROS;Mujeres;Ourense;TODOS LOS CURSOS;3,5
TODOS LOS CENTROS;Mujeres;Ourense;Primer Curso;2,1
TODOS LOS CENTROS;Mujeres;Ourense;Segundo Curso;5,0
TODOS LOS CENTROS;Mujeres;Pontevedra;TODOS LOS CURSOS;4,7
TODOS LOS CENTROS;Mujeres;Pontevedra;Primer Curso;3,1
TODOS LOS CENTROS;Mujeres;Pontevedra;Segundo Curso;6,4
TODOS LOS CENTROS;Mujeres;13 MADRID, COMUNIDAD DE;TODOS LOS CURSOS;6,4
TODOS LOS CENTROS;Mujeres;13 MADRID, COMUNIDAD DE;Primer Curso;3,7
TODOS LOS CENTROS;Mujeres;13 MADRID, COMUNIDAD DE;Segundo Curso;9,3
TODOS LOS CENTROS;Mujeres;14 MURCIA, REGIÓN DE;TODOS LOS CURSOS;8,6
TODOS LOS CENTROS;Mujeres;14 MURCIA, REGIÓN DE;Primer Curso;7,1
TODOS LOS CENTROS;Mujeres;14 MURCIA, REGIÓN DE;Segundo Curso;10,2
TODOS LOS CENTROS;Mujeres;15 NAVARRA, COMUNIDAD FORAL DE;TODOS LOS CURSOS;4,0
TODOS LOS CENTROS;Mujeres;15 NAVARRA, COMUNIDAD FORAL DE;Primer Curso;3,5
TODOS LOS CENTROS;Mujeres;15 NAVARRA, COMUNIDAD FORAL DE;Segundo Curso;4,4
TODOS LOS CENTROS;Mujeres;16 PAÍS VASCO;TODOS LOS CURSOS;3,0
TODOS LOS CENTROS;Mujeres;16 PAÍS VASCO;Primer Curso;2,0
TODOS LOS CENTROS;Mujeres;16 PAÍS VASCO;Segundo Curso;4,1
TODOS LOS CENTROS;Mujeres;Araba/Álava;TODOS LOS CURSOS;4,7
TODOS LOS CENTROS;Mujeres;Araba/Álava;Primer Curso;3,1
TODOS LOS CENTROS;Mujeres;Araba/Álava;Segundo Curso;6,4
TODOS LOS CENTROS;Mujeres;Gipuzkoa;TODOS LOS CURSOS;1,8
TODOS LOS CENTROS;Mujeres;Gipuzkoa;Primer Curso;1,3
TODOS LOS CENTROS;Mujeres;Gipuzkoa;Segundo Curso;2,3
TODOS LOS CENTROS;Mujeres;Bizkaia;TODOS LOS CURSOS;3,4
TODOS LOS CENTROS;Mujeres;Bizkaia;Primer Curso;2,2
TODOS LOS CENTROS;Mujeres;Bizkaia;Segundo Curso;4,7
TODOS LOS CENTROS;Mujeres;17 RIOJA, LA;TODOS LOS CURSOS;3,9
TODOS LOS CENTROS;Mujeres;17 RIOJA, LA;Primer Curso;2,7
TODOS LOS CENTROS;Mujeres;17 RIOJA, LA;Segundo Curso;5,2
TODOS LOS CENTROS;Mujeres;18 CEUTA;TODOS LOS CURSOS;10,8
TODOS LOS CENTROS;Mujeres;18 CEUTA;Primer Curso;11,5
TODOS LOS CENTROS;Mujeres;18 CEUTA;Segundo Curso;10,0
TODOS LOS CENTROS;Mujeres;19 MELILLA;TODOS LOS CURSOS;6,1
TODOS LOS CENTROS;Mujeres;19 MELILLA;Primer Curso;6,7
TODOS LOS CENTROS;Mujeres;19 MELILLA;Segundo Curso;5,5
CENTROS PÚBLICOS;AMBOS SEXOS;00 TOTAL;TODOS LOS CURSOS;8,5
CENTROS PÚBLICOS;AMBOS SEXOS;00 TOTAL;Primer Curso;6,2
CENTROS PÚBLICOS;AMBOS SEXOS;00 TOTAL;Segundo Curso;11,0
CENTROS PÚBLICOS;AMBOS SEXOS;01 ANDALUCÍA;TODOS LOS CURSOS;9,8
CENTROS PÚBLICOS;AMBOS SEXOS;01 ANDALUCÍA;Primer Curso;6,9
CENTROS PÚBLICOS;AMBOS SEXOS;01 ANDALUCÍA;Segundo Curso;13,0
CENTROS PÚBLICOS;AMBOS SEXOS;Almería;TODOS LOS CURSOS;7,4
CENTROS PÚBLICOS;AMBOS SEXOS;Almería;Primer Curso;5,8
CENTROS PÚBLICOS;AMBOS SEXOS;Almería;Segundo Curso;9,3
CENTROS PÚBLICOS;AMBOS SEXOS;Cádiz;TODOS LOS CURSOS;11,1
CENTROS PÚBLICOS;AMBOS SEXOS;Cádiz;Primer Curso;7,8
CENTROS PÚBLICOS;AMBOS SEXOS;Cádiz;Segundo Curso;14,6
CENTROS PÚBLICOS;AMBOS SEXOS;Córdoba;TODOS LOS CURSOS;6,6
CENTROS PÚBLICOS;AMBOS SEXOS;Córdoba;Primer Curso;4,4
CENTROS PÚBLICOS;AMBOS SEXOS;Córdoba;Segundo Curso;8,9
CENTROS PÚBLICOS;AMBOS SEXOS;Granada;TODOS LOS CURSOS;8,7
CENTROS PÚBLICOS;AMBOS SEXOS;Granada;Primer Curso;6,1
CENTROS PÚBLICOS;AMBOS SEXOS;Granada;Segundo Curso;11,5
CENTROS PÚBLICOS;AMBOS SEXOS;Huelva;TODOS LOS CURSOS;10,4
CENTROS PÚBLICOS;AMBOS SEXOS;Huelva;Primer Curso;7,0
CENTROS PÚBLICOS;AMBOS SEXOS;Huelva;Segundo Curso;13,9
CENTROS PÚBLICOS;AMBOS SEXOS;Jaén;TODOS LOS CURSOS;7,6
CENTROS PÚBLICOS;AMBOS SEXOS;Jaén;Primer Curso;5,2
CENTROS PÚBLICOS;AMBOS SEXOS;Jaén;Segundo Curso;10,1
CENTROS PÚBLICOS;AMBOS SEXOS;Málaga;TODOS LOS CURSOS;12,5
CENTROS PÚBLICOS;AMBOS SEXOS;Málaga;Primer Curso;8,8
CENTROS PÚBLICOS;AMBOS SEXOS;Málaga;Segundo Curso;16,7
CENTROS PÚBLICOS;AMBOS SEXOS;Sevilla;TODOS LOS CURSOS;9,9
CENTROS PÚBLICOS;AMBOS SEXOS;Sevilla;Primer Curso;6,8
CENTROS PÚBLICOS;AMBOS SEXOS;Sevilla;Segundo Curso;13,1
CENTROS PÚBLICOS;AMBOS SEXOS;02 ARAGÓN;TODOS LOS CURSOS;7,7
CENTROS PÚBLICOS;AMBOS SEXOS;02 ARAGÓN;Primer Curso;6,2
CENTROS PÚBLICOS;AMBOS SEXOS;02 ARAGÓN;Segundo Curso;9,4
CENTROS PÚBLICOS;AMBOS SEXOS;Huesca;TODOS LOS CURSOS;4,8
CENTROS PÚBLICOS;AMBOS SEXOS;Huesca;Primer Curso;4,8
CENTROS PÚBLICOS;AMBOS SEXOS;Huesca;Segundo Curso;4,8
CENTROS PÚBLICOS;AMBOS SEXOS;Teruel;TODOS LOS CURSOS;5,5
CENTROS PÚBLICOS;AMBOS SEXOS;Teruel;Primer Curso;3,4
CENTROS PÚBLICOS;AMBOS SEXOS;Teruel;Segundo Curso;7,7
CENTROS PÚBLICOS;AMBOS SEXOS;Zaragoza;TODOS LOS CURSOS;8,8
CENTROS PÚBLICOS;AMBOS SEXOS;Zaragoza;Primer Curso;7,0
CENTROS PÚBLICOS;AMBOS SEXOS;Zaragoza;Segundo Curso;10,8
CENTROS PÚBLICOS;AMBOS SEXOS;03 ASTURIAS, PRINCIPADO DE;TODOS LOS CURSOS;5,5
CENTROS PÚBLICOS;AMBOS SEXOS;03 ASTURIAS, PRINCIPADO DE;Primer Curso;4,0
CENTROS PÚBLICOS;AMBOS SEXOS;03 ASTURIAS, PRINCIPADO DE;Segundo Curso;7,2
CENTROS PÚBLICOS;AMBOS SEXOS;04 BALEARS, ILLES;TODOS LOS CURSOS;8,4
CENTROS PÚBLICOS;AMBOS SEXOS;04 BALEARS, ILLES;Primer Curso;7,3
CENTROS PÚBLICOS;AMBOS SEXOS;04 BALEARS, ILLES;Segundo Curso;9,6
CENTROS PÚBLICOS;AMBOS SEXOS;05 CANARIAS;TODOS LOS CURSOS;6,0
CENTROS PÚBLICOS;AMBOS SEXOS;05 CANARIAS;Primer Curso;5,2
CENTROS PÚBLICOS;AMBOS SEXOS;05 CANARIAS;Segundo Curso;6,8
CENTROS PÚBLICOS;AMBOS SEXOS;Las Palmas;TODOS LOS CURSOS;6,0
CENTROS PÚBLICOS;AMBOS SEXOS;Las Palmas;Primer Curso;5,3
CENTROS PÚBLICOS;AMBOS SEXOS;Las Palmas;Segundo Curso;6,8
CENTROS PÚBLICOS;AMBOS SEXOS;Santa Cruz de Tenerife;TODOS LOS CURSOS;5,9
CENTROS PÚBLICOS;AMBOS SEXOS;Santa Cruz de Tenerife;Primer Curso;5,2
CENTROS PÚBLICOS;AMBOS SEXOS;Santa Cruz de Tenerife;Segundo Curso;6,8
CENTROS PÚBLICOS;AMBOS SEXOS;06 CANTABRIA;TODOS LOS CURSOS;7,3
CENTROS PÚBLICOS;AMBOS SEXOS;06 CANTABRIA;Primer Curso;5,7
CENTROS PÚBLICOS;AMBOS SEXOS;06 CANTABRIA;Segundo Curso;9,0
CENTROS PÚBLICOS;AMBOS SEXOS;07 CASTILLA Y LEÓN;TODOS LOS CURSOS;14,3
CENTROS PÚBLICOS;AMBOS SEXOS;07 CASTILLA Y LEÓN;Primer Curso;10,1
CENTROS PÚBLICOS;AMBOS SEXOS;07 CASTILLA Y LEÓN;Segundo Curso;18,7
CENTROS PÚBLICOS;AMBOS SEXOS;Ávila;TODOS LOS CURSOS;17,1
CENTROS PÚBLICOS;AMBOS SEXOS;Ávila;Primer Curso;10,1
CENTROS PÚBLICOS;AMBOS SEXOS;Ávila;Segundo Curso;25,2
CENTROS PÚBLICOS;AMBOS SEXOS;Burgos;TODOS LOS CURSOS;10,0
CENTROS PÚBLICOS;AMBOS SEXOS;Burgos;Primer Curso;6,4
CENTROS PÚBLICOS;AMBOS SEXOS;Burgos;Segundo Curso;13,7
CENTROS PÚBLICOS;AMBOS SEXOS;León;TODOS LOS CURSOS;18,4
CENTROS PÚBLICOS;AMBOS SEXOS;León;Primer Curso;12,8
CENTROS PÚBLICOS;AMBOS SEXOS;León;Segundo Curso;24,1
CENTROS PÚBLICOS;AMBOS SEXOS;Palencia;TODOS LOS CURSOS;14,2
CENTROS PÚBLICOS;AMBOS SEXOS;Palencia;Primer Curso;9,6
CENTROS PÚBLICOS;AMBOS SEXOS;Palencia;Segundo Curso;18,9
CENTROS PÚBLICOS;AMBOS SEXOS;Salamanca;TODOS LOS CURSOS;14,6
CENTROS PÚBLICOS;AMBOS SEXOS;Salamanca;Primer Curso;11,2
CENTROS PÚBLICOS;AMBOS SEXOS;Salamanca;Segundo Curso;18,2
CENTROS PÚBLICOS;AMBOS SEXOS;Segovia;TODOS LOS CURSOS;19,2
CENTROS PÚBLICOS;AMBOS SEXOS;Segovia;Primer Curso;14,8
CENTROS PÚBLICOS;AMBOS SEXOS;Segovia;Segundo Curso;23,6
CENTROS PÚBLICOS;AMBOS SEXOS;Soria;TODOS LOS CURSOS;3,7
CENTROS PÚBLICOS;AMBOS SEXOS;Soria;Primer Curso;3,7
CENTROS PÚBLICOS;AMBOS SEXOS;Soria;Segundo Curso;3,8
CENTROS PÚBLICOS;AMBOS SEXOS;Valladolid;TODOS LOS CURSOS;14,3
CENTROS PÚBLICOS;AMBOS SEXOS;Valladolid;Primer Curso;9,0
CENTROS PÚBLICOS;AMBOS SEXOS;Valladolid;Segundo Curso;19,7
CENTROS PÚBLICOS;AMBOS SEXOS;Zamora;TODOS LOS CURSOS;11,7
CENTROS PÚBLICOS;AMBOS SEXOS;Zamora;Primer Curso;11,0
CENTROS PÚBLICOS;AMBOS SEXOS;Zamora;Segundo Curso;12,3
CENTROS PÚBLICOS;AMBOS SEXOS;08 CASTILLA-LA MANCHA;TODOS LOS CURSOS;9,1
CENTROS PÚBLICOS;AMBOS SEXOS;08 CASTILLA-LA MANCHA;Primer Curso;6,1
CENTROS PÚBLICOS;AMBOS SEXOS;08 CASTILLA-LA MANCHA;Segundo Curso;12,4
CENTROS PÚBLICOS;AMBOS SEXOS;Albacete;TODOS LOS CURSOS;7,4
CENTROS PÚBLICOS;AMBOS SEXOS;Albacete;Primer Curso;5,6
CENTROS PÚBLICOS;AMBOS SEXOS;Albacete;Segundo Curso;9,3
CENTROS PÚBLICOS;AMBOS SEXOS;Ciudad Real;TODOS LOS CURSOS;8,3
CENTROS PÚBLICOS;AMBOS SEXOS;Ciudad Real;Primer Curso;5,1
CENTROS PÚBLICOS;AMBOS SEXOS;Ciudad Real;Segundo Curso;11,9
CENTROS PÚBLICOS;AMBOS SEXOS;Cuenca;TODOS LOS CURSOS;7,2
CENTROS PÚBLICOS;AMBOS SEXOS;Cuenca;Primer Curso;5,3
CENTROS PÚBLICOS;AMBOS SEXOS;Cuenca;Segundo Curso;9,2
CENTROS PÚBLICOS;AMBOS SEXOS;Guadalajara;TODOS LOS CURSOS;11,3
CENTROS PÚBLICOS;AMBOS SEXOS;Guadalajara;Primer Curso;8,0
CENTROS PÚBLICOS;AMBOS SEXOS;Guadalajara;Segundo Curso;15,0
CENTROS PÚBLICOS;AMBOS SEXOS;Toledo;TODOS LOS CURSOS;10,5
CENTROS PÚBLICOS;AMBOS SEXOS;Toledo;Primer Curso;6,7
CENTROS PÚBLICOS;AMBOS SEXOS;Toledo;Segundo Curso;14,7
CENTROS PÚBLICOS;AMBOS SEXOS;09 CATALUÑA;TODOS LOS CURSOS;6,6
CENTROS PÚBLICOS;AMBOS SEXOS;09 CATALUÑA;Primer Curso;5,4
CENTROS PÚBLICOS;AMBOS SEXOS;09 CATALUÑA;Segundo Curso;8,0
CENTROS PÚBLICOS;AMBOS SEXOS;Barcelona;TODOS LOS CURSOS;6,7
CENTROS PÚBLICOS;AMBOS SEXOS;Barcelona;Primer Curso;5,5
CENTROS PÚBLICOS;AMBOS SEXOS;Barcelona;Segundo Curso;8,2
CENTROS PÚBLICOS;AMBOS SEXOS;Girona;TODOS LOS CURSOS;5,7
CENTROS PÚBLICOS;AMBOS SEXOS;Girona;Primer Curso;4,8
CENTROS PÚBLICOS;AMBOS SEXOS;Girona;Segundo Curso;6,6
CENTROS PÚBLICOS;AMBOS SEXOS;Lleida;TODOS LOS CURSOS;4,1
CENTROS PÚBLICOS;AMBOS SEXOS;Lleida;Primer Curso;3,6
CENTROS PÚBLICOS;AMBOS SEXOS;Lleida;Segundo Curso;4,8
CENTROS PÚBLICOS;AMBOS SEXOS;Tarragona;TODOS LOS CURSOS;8,1
CENTROS PÚBLICOS;AMBOS SEXOS;Tarragona;Primer Curso;6,7
CENTROS PÚBLICOS;AMBOS SEXOS;Tarragona;Segundo Curso;9,8
CENTROS PÚBLICOS;AMBOS SEXOS;10 COMUNITAT VALENCIANA;TODOS LOS CURSOS;6,4
CENTROS PÚBLICOS;AMBOS SEXOS;10 COMUNITAT VALENCIANA;Primer Curso;6,1
CENTROS PÚBLICOS;AMBOS SEXOS;10 COMUNITAT VALENCIANA;Segundo Curso;6,7
CENTROS PÚBLICOS;AMBOS SEXOS;Alicante/Alacant;TODOS LOS CURSOS;7,5
CENTROS PÚBLICOS;AMBOS SEXOS;Alicante/Alacant;Primer Curso;7,2
CENTROS PÚBLICOS;AMBOS SEXOS;Alicante/Alacant;Segundo Curso;7,8
CENTROS PÚBLICOS;AMBOS SEXOS;Castellón/Castelló;TODOS LOS CURSOS;6,5
CENTROS PÚBLICOS;AMBOS SEXOS;Castellón/Castelló;Primer Curso;5,4
CENTROS PÚBLICOS;AMBOS SEXOS;Castellón/Castelló;Segundo Curso;7,7
CENTROS PÚBLICOS;AMBOS SEXOS;Valencia/València;TODOS LOS CURSOS;5,3
CENTROS PÚBLICOS;AMBOS SEXOS;Valencia/València;Primer Curso;5,2
CENTROS PÚBLICOS;AMBOS SEXOS;Valencia/València;Segundo Curso;5,4
CENTROS PÚBLICOS;AMBOS SEXOS;11 EXTREMADURA;TODOS LOS CURSOS;9,0
CENTROS PÚBLICOS;AMBOS SEXOS;11 EXTREMADURA;Primer Curso;6,6
CENTROS PÚBLICOS;AMBOS SEXOS;11 EXTREMADURA;Segundo Curso;11,4
CENTROS PÚBLICOS;AMBOS SEXOS;Badajoz;TODOS LOS CURSOS;9,0
CENTROS PÚBLICOS;AMBOS SEXOS;Badajoz;Primer Curso;6,6
CENTROS PÚBLICOS;AMBOS SEXOS;Badajoz;Segundo Curso;11,4
CENTROS PÚBLICOS;AMBOS SEXOS;Cáceres;TODOS LOS CURSOS;8,9
CENTROS PÚBLICOS;AMBOS SEXOS;Cáceres;Primer Curso;6,6
CENTROS PÚBLICOS;AMBOS SEXOS;Cáceres;Segundo Curso;11,4
CENTROS PÚBLICOS;AMBOS SEXOS;12 GALICIA;TODOS LOS CURSOS;6,0
CENTROS PÚBLICOS;AMBOS SEXOS;12 GALICIA;Primer Curso;4,1
CENTROS PÚBLICOS;AMBOS SEXOS;12 GALICIA;Segundo Curso;8,0
CENTROS PÚBLICOS;AMBOS SEXOS;A Coruña;TODOS LOS CURSOS;5,9
CENTROS PÚBLICOS;AMBOS SEXOS;A Coruña;Primer Curso;4,1
CENTROS PÚBLICOS;AMBOS SEXOS;A Coruña;Segundo Curso;7,9
CENTROS PÚBLICOS;AMBOS SEXOS;Lugo;TODOS LOS CURSOS;4,4
CENTROS PÚBLICOS;AMBOS SEXOS;Lugo;Primer Curso;3,7
CENTROS PÚBLICOS;AMBOS SEXOS;Lugo;Segundo Curso;5,1
CENTROS PÚBLICOS;AMBOS SEXOS;Ourense;TODOS LOS CURSOS;4,8
CENTROS PÚBLICOS;AMBOS SEXOS;Ourense;Primer Curso;3,4
CENTROS PÚBLICOS;AMBOS SEXOS;Ourense;Segundo Curso;6,2
CENTROS PÚBLICOS;AMBOS SEXOS;Pontevedra;TODOS LOS CURSOS;6,8
CENTROS PÚBLICOS;AMBOS SEXOS;Pontevedra;Primer Curso;4,3
CENTROS PÚBLICOS;AMBOS SEXOS;Pontevedra;Segundo Curso;9,4
CENTROS PÚBLICOS;AMBOS SEXOS;13 MADRID, COMUNIDAD DE;TODOS LOS CURSOS;11,0
CENTROS PÚBLICOS;AMBOS SEXOS;13 MADRID, COMUNIDAD DE;Primer Curso;5,9
CENTROS PÚBLICOS;AMBOS SEXOS;13 MADRID, COMUNIDAD DE;Segundo Curso;16,4
CENTROS PÚBLICOS;AMBOS SEXOS;14 MURCIA, REGIÓN DE;TODOS LOS CURSOS;10,7
CENTROS PÚBLICOS;AMBOS SEXOS;14 MURCIA, REGIÓN DE;Primer Curso;8,8
CENTROS PÚBLICOS;AMBOS SEXOS;14 MURCIA, REGIÓN DE;Segundo Curso;12,7
CENTROS PÚBLICOS;AMBOS SEXOS;15 NAVARRA, COMUNIDAD FORAL DE;TODOS LOS CURSOS;5,8
CENTROS PÚBLICOS;AMBOS SEXOS;15 NAVARRA, COMUNIDAD FORAL DE;Primer Curso;4,7
CENTROS PÚBLICOS;AMBOS SEXOS;15 NAVARRA, COMUNIDAD FORAL DE;Segundo Curso;6,9
CENTROS PÚBLICOS;AMBOS SEXOS;16 PAÍS VASCO;TODOS LOS CURSOS;4,3
CENTROS PÚBLICOS;AMBOS SEXOS;16 PAÍS VASCO;Primer Curso;2,9
CENTROS PÚBLICOS;AMBOS SEXOS;16 PAÍS VASCO;Segundo Curso;5,8
CENTROS PÚBLICOS;AMBOS SEXOS;Araba/Álava;TODOS LOS CURSOS;5,6
CENTROS PÚBLICOS;AMBOS SEXOS;Araba/Álava;Primer Curso;3,9
CENTROS PÚBLICOS;AMBOS SEXOS;Araba/Álava;Segundo Curso;7,5
CENTROS PÚBLICOS;AMBOS SEXOS;Gipuzkoa;TODOS LOS CURSOS;2,5
CENTROS PÚBLICOS;AMBOS SEXOS;Gipuzkoa;Primer Curso;1,9
CENTROS PÚBLICOS;AMBOS SEXOS;Gipuzkoa;Segundo Curso;3,1
CENTROS PÚBLICOS;AMBOS SEXOS;Bizkaia;TODOS LOS CURSOS;5,2
CENTROS PÚBLICOS;AMBOS SEXOS;Bizkaia;Primer Curso;3,3
CENTROS PÚBLICOS;AMBOS SEXOS;Bizkaia;Segundo Curso;7,2
CENTROS PÚBLICOS;AMBOS SEXOS;17 RIOJA, LA;TODOS LOS CURSOS;5,6
CENTROS PÚBLICOS;AMBOS SEXOS;17 RIOJA, LA;Primer Curso;3,7
CENTROS PÚBLICOS;AMBOS SEXOS;17 RIOJA, LA;Segundo Curso;7,6
CENTROS PÚBLICOS;AMBOS SEXOS;18 CEUTA;TODOS LOS CURSOS;14,3
CENTROS PÚBLICOS;AMBOS SEXOS;18 CEUTA;Primer Curso;14,3
CENTROS PÚBLICOS;AMBOS SEXOS;18 CEUTA;Segundo Curso;14,2
CENTROS PÚBLICOS;AMBOS SEXOS;19 MELILLA;TODOS LOS CURSOS;7,7
CENTROS PÚBLICOS;AMBOS SEXOS;19 MELILLA;Primer Curso;8,4
CENTROS PÚBLICOS;AMBOS SEXOS;19 MELILLA;Segundo Curso;6,8
CENTROS PÚBLICOS;Hombres;00 TOTAL;TODOS LOS CURSOS;10,2
CENTROS PÚBLICOS;Hombres;00 TOTAL;Primer Curso;7,4
CENTROS PÚBLICOS;Hombres;00 TOTAL;Segundo Curso;13,4
CENTROS PÚBLICOS;Hombres;01 ANDALUCÍA;TODOS LOS CURSOS;11,6
CENTROS PÚBLICOS;Hombres;01 ANDALUCÍA;Primer Curso;8,0
CENTROS PÚBLICOS;Hombres;01 ANDALUCÍA;Segundo Curso;15,4
CENTROS PÚBLICOS;Hombres;Almería;TODOS LOS CURSOS;9,0
CENTROS PÚBLICOS;Hombres;Almería;Primer Curso;6,5
CENTROS PÚBLICOS;Hombres;Almería;Segundo Curso;12,3
CENTROS PÚBLICOS;Hombres;Cádiz;TODOS LOS CURSOS;12,7
CENTROS PÚBLICOS;Hombres;Cádiz;Primer Curso;8,6
CENTROS PÚBLICOS;Hombres;Cádiz;Segundo Curso;17,2
CENTROS PÚBLICOS;Hombres;Córdoba;TODOS LOS CURSOS;7,5
CENTROS PÚBLICOS;Hombres;Córdoba;Primer Curso;4,9
CENTROS PÚBLICOS;Hombres;Córdoba;Segundo Curso;10,2
CENTROS PÚBLICOS;Hombres;Granada;TODOS LOS CURSOS;10,7
CENTROS PÚBLICOS;Hombres;Granada;Primer Curso;8,1
CENTROS PÚBLICOS;Hombres;Granada;Segundo Curso;13,4
CENTROS PÚBLICOS;Hombres;Huelva;TODOS LOS CURSOS;12,4
CENTROS PÚBLICOS;Hombres;Huelva;Primer Curso;8,3
CENTROS PÚBLICOS;Hombres;Huelva;Segundo Curso;16,7
CENTROS PÚBLICOS;Hombres;Jaén;TODOS LOS CURSOS;9,8
CENTROS PÚBLICOS;Hombres;Jaén;Primer Curso;6,9
CENTROS PÚBLICOS;Hombres;Jaén;Segundo Curso;12,9
CENTROS PÚBLICOS;Hombres;Málaga;TODOS LOS CURSOS;14,9
CENTROS PÚBLICOS;Hombres;Málaga;Primer Curso;10,4
CENTROS PÚBLICOS;Hombres;Málaga;Segundo Curso;20,1
CENTROS PÚBLICOS;Hombres;Sevilla;TODOS LOS CURSOS;11,2
CENTROS PÚBLICOS;Hombres;Sevilla;Primer Curso;7,7
CENTROS PÚBLICOS;Hombres;Sevilla;Segundo Curso;14,9
CENTROS PÚBLICOS;Hombres;02 ARAGÓN;TODOS LOS CURSOS;9,1
CENTROS PÚBLICOS;Hombres;02 ARAGÓN;Primer Curso;6,9
CENTROS PÚBLICOS;Hombres;02 ARAGÓN;Segundo Curso;11,6
CENTROS PÚBLICOS;Hombres;Huesca;TODOS LOS CURSOS;4,8
CENTROS PÚBLICOS;Hombres;Huesca;Primer Curso;4,5
CENTROS PÚBLICOS;Hombres;Huesca;Segundo Curso;5,2
CENTROS PÚBLICOS;Hombres;Teruel;TODOS LOS CURSOS;7,5
CENTROS PÚBLICOS;Hombres;Teruel;Primer Curso;2,9
CENTROS PÚBLICOS;Hombres;Teruel;Segundo Curso;12,5
CENTROS PÚBLICOS;Hombres;Zaragoza;TODOS LOS CURSOS;10,5
CENTROS PÚBLICOS;Hombres;Zaragoza;Primer Curso;8,2
CENTROS PÚBLICOS;Hombres;Zaragoza;Segundo Curso;13,1
CENTROS PÚBLICOS;Hombres;03 ASTURIAS, PRINCIPADO DE;TODOS LOS CURSOS;6,9
CENTROS PÚBLICOS;Hombres;03 ASTURIAS, PRINCIPADO DE;Primer Curso;5,2
CENTROS PÚBLICOS;Hombres;03 ASTURIAS, PRINCIPADO DE;Segundo Curso;8,8
CENTROS PÚBLICOS;Hombres;04 BALEARS, ILLES;TODOS LOS CURSOS;9,8
CENTROS PÚBLICOS;Hombres;04 BALEARS, ILLES;Primer Curso;8,8
CENTROS PÚBLICOS;Hombres;04 BALEARS, ILLES;Segundo Curso;11,0
CENTROS PÚBLICOS;Hombres;05 CANARIAS;TODOS LOS CURSOS;7,8
CENTROS PÚBLICOS;Hombres;05 CANARIAS;Primer Curso;6,8
CENTROS PÚBLICOS;Hombres;05 CANARIAS;Segundo Curso;9,0
CENTROS PÚBLICOS;Hombres;Las Palmas;TODOS LOS CURSOS;7,8
CENTROS PÚBLICOS;Hombres;Las Palmas;Primer Curso;6,8
CENTROS PÚBLICOS;Hombres;Las Palmas;Segundo Curso;8,9
CENTROS PÚBLICOS;Hombres;Santa Cruz de Tenerife;TODOS LOS CURSOS;7,8
CENTROS PÚBLICOS;Hombres;Santa Cruz de Tenerife;Primer Curso;6,8
CENTROS PÚBLICOS;Hombres;Santa Cruz de Tenerife;Segundo Curso;9,0
CENTROS PÚBLICOS;Hombres;06 CANTABRIA;TODOS LOS CURSOS;9,4
CENTROS PÚBLICOS;Hombres;06 CANTABRIA;Primer Curso;7,4
CENTROS PÚBLICOS;Hombres;06 CANTABRIA;Segundo Curso;11,4
CENTROS PÚBLICOS;Hombres;07 CASTILLA Y LEÓN;TODOS LOS CURSOS;17,1
CENTROS PÚBLICOS;Hombres;07 CASTILLA Y LEÓN;Primer Curso;12,2
CENTROS PÚBLICOS;Hombres;07 CASTILLA Y LEÓN;Segundo Curso;22,2
CENTROS PÚBLICOS;Hombres;Ávila;TODOS LOS CURSOS;21,4
CENTROS PÚBLICOS;Hombres;Ávila;Primer Curso;11,6
CENTROS PÚBLICOS;Hombres;Ávila;Segundo Curso;33,6
CENTROS PÚBLICOS;Hombres;Burgos;TODOS LOS CURSOS;13,8
CENTROS PÚBLICOS;Hombres;Burgos;Primer Curso;9,0
CENTROS PÚBLICOS;Hombres;Burgos;Segundo Curso;18,9
CENTROS PÚBLICOS;Hombres;León;TODOS LOS CURSOS;19,6
CENTROS PÚBLICOS;Hombres;León;Primer Curso;12,0
CENTROS PÚBLICOS;Hombres;León;Segundo Curso;27,3
CENTROS PÚBLICOS;Hombres;Palencia;TODOS LOS CURSOS;20,1
CENTROS PÚBLICOS;Hombres;Palencia;Primer Curso;15,1
CENTROS PÚBLICOS;Hombres;Palencia;Segundo Curso;24,8
CENTROS PÚBLICOS;Hombres;Salamanca;TODOS LOS CURSOS;15,6
CENTROS PÚBLICOS;Hombres;Salamanca;Primer Curso;12,0
CENTROS PÚBLICOS;Hombres;Salamanca;Segundo Curso;19,4
CENTROS PÚBLICOS;Hombres;Segovia;TODOS LOS CURSOS;24,3
CENTROS PÚBLICOS;Hombres;Segovia;Primer Curso;21,9
CENTROS PÚBLICOS;Hombres;Segovia;Segundo Curso;26,7
CENTROS PÚBLICOS;Hombres;Soria;TODOS LOS CURSOS;3,9
CENTROS PÚBLICOS;Hombres;Soria;Primer Curso;3,4
CENTROS PÚBLICOS;Hombres;Soria;Segundo Curso;4,3
CENTROS PÚBLICOS;Hombres;Valladolid;TODOS LOS CURSOS;17,6
CENTROS PÚBLICOS;Hombres;Valladolid;Primer Curso;12,2
CENTROS PÚBLICOS;Hombres;Valladolid;Segundo Curso;23,4
CENTROS PÚBLICOS;Hombres;Zamora;TODOS LOS CURSOS;13,5
CENTROS PÚBLICOS;Hombres;Zamora;Primer Curso;12,6
CENTROS PÚBLICOS;Hombres;Zamora;Segundo Curso;14,4
CENTROS PÚBLICOS;Hombres;08 CASTILLA-LA MANCHA;TODOS LOS CURSOS;10,6
CENTROS PÚBLICOS;Hombres;08 CASTILLA-LA MANCHA;Primer Curso;6,9
CENTROS PÚBLICOS;Hombres;08 CASTILLA-LA MANCHA;Segundo Curso;14,8
CENTROS PÚBLICOS;Hombres;Albacete;TODOS LOS CURSOS;8,9
CENTROS PÚBLICOS;Hombres;Albacete;Primer Curso;6,7
CENTROS PÚBLICOS;Hombres;Albacete;Segundo Curso;11,4
CENTROS PÚBLICOS;Hombres;Ciudad Real;TODOS LOS CURSOS;8,7
CENTROS PÚBLICOS;Hombres;Ciudad Real;Primer Curso;5,3
CENTROS PÚBLICOS;Hombres;Ciudad Real;Segundo Curso;12,7
CENTROS PÚBLICOS;Hombres;Cuenca;TODOS LOS CURSOS;9,1
CENTROS PÚBLICOS;Hombres;Cuenca;Primer Curso;7,2
CENTROS PÚBLICOS;Hombres;Cuenca;Segundo Curso;11,2
CENTROS PÚBLICOS;Hombres;Guadalajara;TODOS LOS CURSOS;12,6
CENTROS PÚBLICOS;Hombres;Guadalajara;Primer Curso;8,7
CENTROS PÚBLICOS;Hombres;Guadalajara;Segundo Curso;16,7
CENTROS PÚBLICOS;Hombres;Toledo;TODOS LOS CURSOS;12,7
CENTROS PÚBLICOS;Hombres;Toledo;Primer Curso;7,5
CENTROS PÚBLICOS;Hombres;Toledo;Segundo Curso;18,8
CENTROS PÚBLICOS;Hombres;09 CATALUÑA;TODOS LOS CURSOS;7,9
CENTROS PÚBLICOS;Hombres;09 CATALUÑA;Primer Curso;6,5
CENTROS PÚBLICOS;Hombres;09 CATALUÑA;Segundo Curso;9,6
CENTROS PÚBLICOS;Hombres;Barcelona;TODOS LOS CURSOS;8,0
CENTROS PÚBLICOS;Hombres;Barcelona;Primer Curso;6,4
CENTROS PÚBLICOS;Hombres;Barcelona;Segundo Curso;9,9
CENTROS PÚBLICOS;Hombres;Girona;TODOS LOS CURSOS;7,5
CENTROS PÚBLICOS;Hombres;Girona;Primer Curso;5,9
CENTROS PÚBLICOS;Hombres;Girona;Segundo Curso;9,5
CENTROS PÚBLICOS;Hombres;Lleida;TODOS LOS CURSOS;5,0
CENTROS PÚBLICOS;Hombres;Lleida;Primer Curso;4,7
CENTROS PÚBLICOS;Hombres;Lleida;Segundo Curso;5,4
CENTROS PÚBLICOS;Hombres;Tarragona;TODOS LOS CURSOS;9,3
CENTROS PÚBLICOS;Hombres;Tarragona;Primer Curso;8,6
CENTROS PÚBLICOS;Hombres;Tarragona;Segundo Curso;10,1
CENTROS PÚBLICOS;Hombres;10 COMUNITAT VALENCIANA;TODOS LOS CURSOS;8,2
CENTROS PÚBLICOS;Hombres;10 COMUNITAT VALENCIANA;Primer Curso;7,9
CENTROS PÚBLICOS;Hombres;10 COMUNITAT VALENCIANA;Segundo Curso;8,5
CENTROS PÚBLICOS;Hombres;Alicante/Alacant;TODOS LOS CURSOS;9,6
CENTROS PÚBLICOS;Hombres;Alicante/Alacant;Primer Curso;9,8
CENTROS PÚBLICOS;Hombres;Alicante/Alacant;Segundo Curso;9,4
CENTROS PÚBLICOS;Hombres;Castellón/Castelló;TODOS LOS CURSOS;8,7
CENTROS PÚBLICOS;Hombres;Castellón/Castelló;Primer Curso;7,1
CENTROS PÚBLICOS;Hombres;Castellón/Castelló;Segundo Curso;10,7
CENTROS PÚBLICOS;Hombres;Valencia/València;TODOS LOS CURSOS;6,6
CENTROS PÚBLICOS;Hombres;Valencia/València;Primer Curso;6,3
CENTROS PÚBLICOS;Hombres;Valencia/València;Segundo Curso;7,0
CENTROS PÚBLICOS;Hombres;11 EXTREMADURA;TODOS LOS CURSOS;10,6
CENTROS PÚBLICOS;Hombres;11 EXTREMADURA;Primer Curso;8,0
CENTROS PÚBLICOS;Hombres;11 EXTREMADURA;Segundo Curso;13,4
CENTROS PÚBLICOS;Hombres;Badajoz;TODOS LOS CURSOS;10,5
CENTROS PÚBLICOS;Hombres;Badajoz;Primer Curso;8,0
CENTROS PÚBLICOS;Hombres;Badajoz;Segundo Curso;13,1
CENTROS PÚBLICOS;Hombres;Cáceres;TODOS LOS CURSOS;10,8
CENTROS PÚBLICOS;Hombres;Cáceres;Primer Curso;8,0
CENTROS PÚBLICOS;Hombres;Cáceres;Segundo Curso;13,9
CENTROS PÚBLICOS;Hombres;12 GALICIA;TODOS LOS CURSOS;7,7
CENTROS PÚBLICOS;Hombres;12 GALICIA;Primer Curso;5,2
CENTROS PÚBLICOS;Hombres;12 GALICIA;Segundo Curso;10,4
CENTROS PÚBLICOS;Hombres;A Coruña;TODOS LOS CURSOS;7,7
CENTROS PÚBLICOS;Hombres;A Coruña;Primer Curso;5,3
CENTROS PÚBLICOS;Hombres;A Coruña;Segundo Curso;10,3
CENTROS PÚBLICOS;Hombres;Lugo;TODOS LOS CURSOS;5,8
CENTROS PÚBLICOS;Hombres;Lugo;Primer Curso;4,5
CENTROS PÚBLICOS;Hombres;Lugo;Segundo Curso;7,3
CENTROS PÚBLICOS;Hombres;Ourense;TODOS LOS CURSOS;5,7
CENTROS PÚBLICOS;Hombres;Ourense;Primer Curso;4,6
CENTROS PÚBLICOS;Hombres;Ourense;Segundo Curso;6,9
CENTROS PÚBLICOS;Hombres;Pontevedra;TODOS LOS CURSOS;8,7
CENTROS PÚBLICOS;Hombres;Pontevedra;Primer Curso;5,5
CENTROS PÚBLICOS;Hombres;Pontevedra;Segundo Curso;12,3
CENTROS PÚBLICOS;Hombres;13 MADRID, COMUNIDAD DE;TODOS LOS CURSOS;13,1
CENTROS PÚBLICOS;Hombres;13 MADRID, COMUNIDAD DE;Primer Curso;6,9
CENTROS PÚBLICOS;Hombres;13 MADRID, COMUNIDAD DE;Segundo Curso;19,8
CENTROS PÚBLICOS;Hombres;14 MURCIA, REGIÓN DE;TODOS LOS CURSOS;12,8
CENTROS PÚBLICOS;Hombres;14 MURCIA, REGIÓN DE;Primer Curso;10,6
CENTROS PÚBLICOS;Hombres;14 MURCIA, REGIÓN DE;Segundo Curso;15,3
CENTROS PÚBLICOS;Hombres;15 NAVARRA, COMUNIDAD FORAL DE;TODOS LOS CURSOS;6,8
CENTROS PÚBLICOS;Hombres;15 NAVARRA, COMUNIDAD FORAL DE;Primer Curso;5,2
CENTROS PÚBLICOS;Hombres;15 NAVARRA, COMUNIDAD FORAL DE;Segundo Curso;8,4
CENTROS PÚBLICOS;Hombres;16 PAÍS VASCO;TODOS LOS CURSOS;5,0
CENTROS PÚBLICOS;Hombres;16 PAÍS VASCO;Primer Curso;3,2
CENTROS PÚBLICOS;Hombres;16 PAÍS VASCO;Segundo Curso;7,0
CENTROS PÚBLICOS;Hombres;Araba/Álava;TODOS LOS CURSOS;6,6
CENTROS PÚBLICOS;Hombres;Araba/Álava;Primer Curso;4,5
CENTROS PÚBLICOS;Hombres;Araba/Álava;Segundo Curso;8,8
CENTROS PÚBLICOS;Hombres;Gipuzkoa;TODOS LOS CURSOS;3,0
CENTROS PÚBLICOS;Hombres;Gipuzkoa;Primer Curso;2,2
CENTROS PÚBLICOS;Hombres;Gipuzkoa;Segundo Curso;4,0
CENTROS PÚBLICOS;Hombres;Bizkaia;TODOS LOS CURSOS;6,0
CENTROS PÚBLICOS;Hombres;Bizkaia;Primer Curso;3,7
CENTROS PÚBLICOS;Hombres;Bizkaia;Segundo Curso;8,5
CENTROS PÚBLICOS;Hombres;17 RIOJA, LA;TODOS LOS CURSOS;7,5
CENTROS PÚBLICOS;Hombres;17 RIOJA, LA;Primer Curso;4,8
CENTROS PÚBLICOS;Hombres;17 RIOJA, LA;Segundo Curso;10,5
CENTROS PÚBLICOS;Hombres;18 CEUTA;TODOS LOS CURSOS;17,4
CENTROS PÚBLICOS;Hombres;18 CEUTA;Primer Curso;16,2
CENTROS PÚBLICOS;Hombres;18 CEUTA;Segundo Curso;19,1
CENTROS PÚBLICOS;Hombres;19 MELILLA;TODOS LOS CURSOS;9,2
CENTROS PÚBLICOS;Hombres;19 MELILLA;Primer Curso;10,2
CENTROS PÚBLICOS;Hombres;19 MELILLA;Segundo Curso;8,1
CENTROS PÚBLICOS;Mujeres;00 TOTAL;TODOS LOS CURSOS;7,0
CENTROS PÚBLICOS;Mujeres;00 TOTAL;Primer Curso;5,1
CENTROS PÚBLICOS;Mujeres;00 TOTAL;Segundo Curso;9,1
CENTROS PÚBLICOS;Mujeres;01 ANDALUCÍA;TODOS LOS CURSOS;8,3
CENTROS PÚBLICOS;Mujeres;01 ANDALUCÍA;Primer Curso;5,9
CENTROS PÚBLICOS;Mujeres;01 ANDALUCÍA;Segundo Curso;11,0
CENTROS PÚBLICOS;Mujeres;Almería;TODOS LOS CURSOS;6,1
CENTROS PÚBLICOS;Mujeres;Almería;Primer Curso;5,2
CENTROS PÚBLICOS;Mujeres;Almería;Segundo Curso;7,1
CENTROS PÚBLICOS;Mujeres;Cádiz;TODOS LOS CURSOS;9,7
CENTROS PÚBLICOS;Mujeres;Cádiz;Primer Curso;7,2
CENTROS PÚBLICOS;Mujeres;Cádiz;Segundo Curso;12,3
CENTROS PÚBLICOS;Mujeres;Córdoba;TODOS LOS CURSOS;5,9
CENTROS PÚBLICOS;Mujeres;Córdoba;Primer Curso;4,1
CENTROS PÚBLICOS;Mujeres;Córdoba;Segundo Curso;7,8
CENTROS PÚBLICOS;Mujeres;Granada;TODOS LOS CURSOS;7,1
CENTROS PÚBLICOS;Mujeres;Granada;Primer Curso;4,4
CENTROS PÚBLICOS;Mujeres;Granada;Segundo Curso;9,9
CENTROS PÚBLICOS;Mujeres;Huelva;TODOS LOS CURSOS;8,7
CENTROS PÚBLICOS;Mujeres;Huelva;Primer Curso;5,9
CENTROS PÚBLICOS;Mujeres;Huelva;Segundo Curso;11,7
CENTROS PÚBLICOS;Mujeres;Jaén;TODOS LOS CURSOS;5,8
CENTROS PÚBLICOS;Mujeres;Jaén;Primer Curso;3,7
CENTROS PÚBLICOS;Mujeres;Jaén;Segundo Curso;7,8
CENTROS PÚBLICOS;Mujeres;Málaga;TODOS LOS CURSOS;10,5
CENTROS PÚBLICOS;Mujeres;Málaga;Primer Curso;7,4
CENTROS PÚBLICOS;Mujeres;Málaga;Segundo Curso;14,0
CENTROS PÚBLICOS;Mujeres;Sevilla;TODOS LOS CURSOS;8,8
CENTROS PÚBLICOS;Mujeres;Sevilla;Primer Curso;6,1
CENTROS PÚBLICOS;Mujeres;Sevilla;Segundo Curso;11,6
CENTROS PÚBLICOS;Mujeres;02 ARAGÓN;TODOS LOS CURSOS;6,6
CENTROS PÚBLICOS;Mujeres;02 ARAGÓN;Primer Curso;5,6
CENTROS PÚBLICOS;Mujeres;02 ARAGÓN;Segundo Curso;7,7
CENTROS PÚBLICOS;Mujeres;Huesca;TODOS LOS CURSOS;4,8
CENTROS PÚBLICOS;Mujeres;Huesca;Primer Curso;5,0
CENTROS PÚBLICOS;Mujeres;Huesca;Segundo Curso;4,6
CENTROS PÚBLICOS;Mujeres;Teruel;TODOS LOS CURSOS;4,1
CENTROS PÚBLICOS;Mujeres;Teruel;Primer Curso;3,8
CENTROS PÚBLICOS;Mujeres;Teruel;Segundo Curso;4,4
CENTROS PÚBLICOS;Mujeres;Zaragoza;TODOS LOS CURSOS;7,5
CENTROS PÚBLICOS;Mujeres;Zaragoza;Primer Curso;6,1
CENTROS PÚBLICOS;Mujeres;Zaragoza;Segundo Curso;9,0
CENTROS PÚBLICOS;Mujeres;03 ASTURIAS, PRINCIPADO DE;TODOS LOS CURSOS;4,4
CENTROS PÚBLICOS;Mujeres;03 ASTURIAS, PRINCIPADO DE;Primer Curso;2,9
CENTROS PÚBLICOS;Mujeres;03 ASTURIAS, PRINCIPADO DE;Segundo Curso;5,8
CENTROS PÚBLICOS;Mujeres;04 BALEARS, ILLES;TODOS LOS CURSOS;7,3
CENTROS PÚBLICOS;Mujeres;04 BALEARS, ILLES;Primer Curso;6,2
CENTROS PÚBLICOS;Mujeres;04 BALEARS, ILLES;Segundo Curso;8,5
CENTROS PÚBLICOS;Mujeres;05 CANARIAS;TODOS LOS CURSOS;4,4
CENTROS PÚBLICOS;Mujeres;05 CANARIAS;Primer Curso;3,9
CENTROS PÚBLICOS;Mujeres;05 CANARIAS;Segundo Curso;4,9
CENTROS PÚBLICOS;Mujeres;Las Palmas;TODOS LOS CURSOS;4,5
CENTROS PÚBLICOS;Mujeres;Las Palmas;Primer Curso;4,1
CENTROS PÚBLICOS;Mujeres;Las Palmas;Segundo Curso;5,0
CENTROS PÚBLICOS;Mujeres;Santa Cruz de Tenerife;TODOS LOS CURSOS;4,3
CENTROS PÚBLICOS;Mujeres;Santa Cruz de Tenerife;Primer Curso;3,8
CENTROS PÚBLICOS;Mujeres;Santa Cruz de Tenerife;Segundo Curso;4,8
CENTROS PÚBLICOS;Mujeres;06 CANTABRIA;TODOS LOS CURSOS;5,7
CENTROS PÚBLICOS;Mujeres;06 CANTABRIA;Primer Curso;4,4
CENTROS PÚBLICOS;Mujeres;06 CANTABRIA;Segundo Curso;7,1
CENTROS PÚBLICOS;Mujeres;07 CASTILLA Y LEÓN;TODOS LOS CURSOS;12,1
CENTROS PÚBLICOS;Mujeres;07 CASTILLA Y LEÓN;Primer Curso;8,4
CENTROS PÚBLICOS;Mujeres;07 CASTILLA Y LEÓN;Segundo Curso;15,9
CENTROS PÚBLICOS;Mujeres;Ávila;TODOS LOS CURSOS;13,7
CENTROS PÚBLICOS;Mujeres;Ávila;Primer Curso;8,8
CENTROS PÚBLICOS;Mujeres;Ávila;Segundo Curso;19,0
CENTROS PÚBLICOS;Mujeres;Burgos;TODOS LOS CURSOS;6,9
CENTROS PÚBLICOS;Mujeres;Burgos;Primer Curso;4,2
CENTROS PÚBLICOS;Mujeres;Burgos;Segundo Curso;9,7
CENTROS PÚBLICOS;Mujeres;León;TODOS LOS CURSOS;17,5
CENTROS PÚBLICOS;Mujeres;León;Primer Curso;13,4
CENTROS PÚBLICOS;Mujeres;León;Segundo Curso;21,7
CENTROS PÚBLICOS;Mujeres;Palencia;TODOS LOS CURSOS;9,4
CENTROS PÚBLICOS;Mujeres;Palencia;Primer Curso;5,5
CENTROS PÚBLICOS;Mujeres;Palencia;Segundo Curso;13,8
CENTROS PÚBLICOS;Mujeres;Salamanca;TODOS LOS CURSOS;13,7
CENTROS PÚBLICOS;Mujeres;Salamanca;Primer Curso;10,5
CENTROS PÚBLICOS;Mujeres;Salamanca;Segundo Curso;17,2
CENTROS PÚBLICOS;Mujeres;Segovia;TODOS LOS CURSOS;15,1
CENTROS PÚBLICOS;Mujeres;Segovia;Primer Curso;9,1
CENTROS PÚBLICOS;Mujeres;Segovia;Segundo Curso;21,1
CENTROS PÚBLICOS;Mujeres;Soria;TODOS LOS CURSOS;3,7
CENTROS PÚBLICOS;Mujeres;Soria;Primer Curso;3,8
CENTROS PÚBLICOS;Mujeres;Soria;Segundo Curso;3,4
CENTROS PÚBLICOS;Mujeres;Valladolid;TODOS LOS CURSOS;11,7
CENTROS PÚBLICOS;Mujeres;Valladolid;Primer Curso;6,4
CENTROS PÚBLICOS;Mujeres;Valladolid;Segundo Curso;16,9
CENTROS PÚBLICOS;Mujeres;Zamora;TODOS LOS CURSOS;10,2
CENTROS PÚBLICOS;Mujeres;Zamora;Primer Curso;9,8
CENTROS PÚBLICOS;Mujeres;Zamora;Segundo Curso;10,6
CENTROS PÚBLICOS;Mujeres;08 CASTILLA-LA MANCHA;TODOS LOS CURSOS;7,9
CENTROS PÚBLICOS;Mujeres;08 CASTILLA-LA MANCHA;Primer Curso;5,4
CENTROS PÚBLICOS;Mujeres;08 CASTILLA-LA MANCHA;Segundo Curso;10,5
CENTROS PÚBLICOS;Mujeres;Albacete;TODOS LOS CURSOS;6,1
CENTROS PÚBLICOS;Mujeres;Albacete;Primer Curso;4,7
CENTROS PÚBLICOS;Mujeres;Albacete;Segundo Curso;7,6
CENTROS PÚBLICOS;Mujeres;Ciudad Real;TODOS LOS CURSOS;7,9
CENTROS PÚBLICOS;Mujeres;Ciudad Real;Primer Curso;4,9
CENTROS PÚBLICOS;Mujeres;Ciudad Real;Segundo Curso;11,3
CENTROS PÚBLICOS;Mujeres;Cuenca;TODOS LOS CURSOS;5,8
CENTROS PÚBLICOS;Mujeres;Cuenca;Primer Curso;4,0
CENTROS PÚBLICOS;Mujeres;Cuenca;Segundo Curso;7,7
CENTROS PÚBLICOS;Mujeres;Guadalajara;TODOS LOS CURSOS;10,3
CENTROS PÚBLICOS;Mujeres;Guadalajara;Primer Curso;7,4
CENTROS PÚBLICOS;Mujeres;Guadalajara;Segundo Curso;13,5
CENTROS PÚBLICOS;Mujeres;Toledo;TODOS LOS CURSOS;8,6
CENTROS PÚBLICOS;Mujeres;Toledo;Primer Curso;6,0
CENTROS PÚBLICOS;Mujeres;Toledo;Segundo Curso;11,4
CENTROS PÚBLICOS;Mujeres;09 CATALUÑA;TODOS LOS CURSOS;5,6
CENTROS PÚBLICOS;Mujeres;09 CATALUÑA;Primer Curso;4,6
CENTROS PÚBLICOS;Mujeres;09 CATALUÑA;Segundo Curso;6,8
CENTROS PÚBLICOS;Mujeres;Barcelona;TODOS LOS CURSOS;5,7
CENTROS PÚBLICOS;Mujeres;Barcelona;Primer Curso;4,8
CENTROS PÚBLICOS;Mujeres;Barcelona;Segundo Curso;6,9
CENTROS PÚBLICOS;Mujeres;Girona;TODOS LOS CURSOS;4,3
CENTROS PÚBLICOS;Mujeres;Girona;Primer Curso;4,0
CENTROS PÚBLICOS;Mujeres;Girona;Segundo Curso;4,6
CENTROS PÚBLICOS;Mujeres;Lleida;TODOS LOS CURSOS;3,5
CENTROS PÚBLICOS;Mujeres;Lleida;Primer Curso;2,7
CENTROS PÚBLICOS;Mujeres;Lleida;Segundo Curso;4,3
CENTROS PÚBLICOS;Mujeres;Tarragona;TODOS LOS CURSOS;7,2
CENTROS PÚBLICOS;Mujeres;Tarragona;Primer Curso;5,3
CENTROS PÚBLICOS;Mujeres;Tarragona;Segundo Curso;9,5
CENTROS PÚBLICOS;Mujeres;10 COMUNITAT VALENCIANA;TODOS LOS CURSOS;5,0
CENTROS PÚBLICOS;Mujeres;10 COMUNITAT VALENCIANA;Primer Curso;4,6
CENTROS PÚBLICOS;Mujeres;10 COMUNITAT VALENCIANA;Segundo Curso;5,3
CENTROS PÚBLICOS;Mujeres;Alicante/Alacant;TODOS LOS CURSOS;5,8
CENTROS PÚBLICOS;Mujeres;Alicante/Alacant;Primer Curso;5,1
CENTROS PÚBLICOS;Mujeres;Alicante/Alacant;Segundo Curso;6,5
CENTROS PÚBLICOS;Mujeres;Castellón/Castelló;TODOS LOS CURSOS;4,7
CENTROS PÚBLICOS;Mujeres;Castellón/Castelló;Primer Curso;4,0
CENTROS PÚBLICOS;Mujeres;Castellón/Castelló;Segundo Curso;5,5
CENTROS PÚBLICOS;Mujeres;Valencia/València;TODOS LOS CURSOS;4,3
CENTROS PÚBLICOS;Mujeres;Valencia/València;Primer Curso;4,5
CENTROS PÚBLICOS;Mujeres;Valencia/València;Segundo Curso;4,1
CENTROS PÚBLICOS;Mujeres;11 EXTREMADURA;TODOS LOS CURSOS;7,6
CENTROS PÚBLICOS;Mujeres;11 EXTREMADURA;Primer Curso;5,5
CENTROS PÚBLICOS;Mujeres;11 EXTREMADURA;Segundo Curso;9,8
CENTROS PÚBLICOS;Mujeres;Badajoz;TODOS LOS CURSOS;7,7
CENTROS PÚBLICOS;Mujeres;Badajoz;Primer Curso;5,5
CENTROS PÚBLICOS;Mujeres;Badajoz;Segundo Curso;10,0
CENTROS PÚBLICOS;Mujeres;Cáceres;TODOS LOS CURSOS;7,4
CENTROS PÚBLICOS;Mujeres;Cáceres;Primer Curso;5,5
CENTROS PÚBLICOS;Mujeres;Cáceres;Segundo Curso;9,4
CENTROS PÚBLICOS;Mujeres;12 GALICIA;TODOS LOS CURSOS;4,6
CENTROS PÚBLICOS;Mujeres;12 GALICIA;Primer Curso;3,1
CENTROS PÚBLICOS;Mujeres;12 GALICIA;Segundo Curso;6,1
CENTROS PÚBLICOS;Mujeres;A Coruña;TODOS LOS CURSOS;4,4
CENTROS PÚBLICOS;Mujeres;A Coruña;Primer Curso;3,0
CENTROS PÚBLICOS;Mujeres;A Coruña;Segundo Curso;6,0
CENTROS PÚBLICOS;Mujeres;Lugo;TODOS LOS CURSOS;3,2
CENTROS PÚBLICOS;Mujeres;Lugo;Primer Curso;3,1
CENTROS PÚBLICOS;Mujeres;Lugo;Segundo Curso;3,4
CENTROS PÚBLICOS;Mujeres;Ourense;TODOS LOS CURSOS;4,0
CENTROS PÚBLICOS;Mujeres;Ourense;Primer Curso;2,4
CENTROS PÚBLICOS;Mujeres;Ourense;Segundo Curso;5,7
CENTROS PÚBLICOS;Mujeres;Pontevedra;TODOS LOS CURSOS;5,2
CENTROS PÚBLICOS;Mujeres;Pontevedra;Primer Curso;3,4
CENTROS PÚBLICOS;Mujeres;Pontevedra;Segundo Curso;7,1
CENTROS PÚBLICOS;Mujeres;13 MADRID, COMUNIDAD DE;TODOS LOS CURSOS;9,2
CENTROS PÚBLICOS;Mujeres;13 MADRID, COMUNIDAD DE;Primer Curso;5,0
CENTROS PÚBLICOS;Mujeres;13 MADRID, COMUNIDAD DE;Segundo Curso;13,6
CENTROS PÚBLICOS;Mujeres;14 MURCIA, REGIÓN DE;TODOS LOS CURSOS;8,8
CENTROS PÚBLICOS;Mujeres;14 MURCIA, REGIÓN DE;Primer Curso;7,3
CENTROS PÚBLICOS;Mujeres;14 MURCIA, REGIÓN DE;Segundo Curso;10,5
CENTROS PÚBLICOS;Mujeres;15 NAVARRA, COMUNIDAD FORAL DE;TODOS LOS CURSOS;5,1
CENTROS PÚBLICOS;Mujeres;15 NAVARRA, COMUNIDAD FORAL DE;Primer Curso;4,3
CENTROS PÚBLICOS;Mujeres;15 NAVARRA, COMUNIDAD FORAL DE;Segundo Curso;5,8
CENTROS PÚBLICOS;Mujeres;16 PAÍS VASCO;TODOS LOS CURSOS;3,7
CENTROS PÚBLICOS;Mujeres;16 PAÍS VASCO;Primer Curso;2,6
CENTROS PÚBLICOS;Mujeres;16 PAÍS VASCO;Segundo Curso;4,9
CENTROS PÚBLICOS;Mujeres;Araba/Álava;TODOS LOS CURSOS;4,9
CENTROS PÚBLICOS;Mujeres;Araba/Álava;Primer Curso;3,5
CENTROS PÚBLICOS;Mujeres;Araba/Álava;Segundo Curso;6,4
CENTROS PÚBLICOS;Mujeres;Gipuzkoa;TODOS LOS CURSOS;2,1
CENTROS PÚBLICOS;Mujeres;Gipuzkoa;Primer Curso;1,8
CENTROS PÚBLICOS;Mujeres;Gipuzkoa;Segundo Curso;2,5
CENTROS PÚBLICOS;Mujeres;Bizkaia;TODOS LOS CURSOS;4,5
CENTROS PÚBLICOS;Mujeres;Bizkaia;Primer Curso;2,9
CENTROS PÚBLICOS;Mujeres;Bizkaia;Segundo Curso;6,2
CENTROS PÚBLICOS;Mujeres;17 RIOJA, LA;TODOS LOS CURSOS;4,2
CENTROS PÚBLICOS;Mujeres;17 RIOJA, LA;Primer Curso;2,9
CENTROS PÚBLICOS;Mujeres;17 RIOJA, LA;Segundo Curso;5,7
CENTROS PÚBLICOS;Mujeres;18 CEUTA;TODOS LOS CURSOS;11,4
CENTROS PÚBLICOS;Mujeres;18 CEUTA;Primer Curso;12,3
CENTROS PÚBLICOS;Mujeres;18 CEUTA;Segundo Curso;10,3
CENTROS PÚBLICOS;Mujeres;19 MELILLA;TODOS LOS CURSOS;6,4
CENTROS PÚBLICOS;Mujeres;19 MELILLA;Primer Curso;6,9
CENTROS PÚBLICOS;Mujeres;19 MELILLA;Segundo Curso;5,8
CENTROS PRIVADOS;AMBOS SEXOS;00 TOTAL;TODOS LOS CURSOS;3,2
CENTROS PRIVADOS;AMBOS SEXOS;00 TOTAL;Primer Curso;2,4
CENTROS PRIVADOS;AMBOS SEXOS;00 TOTAL;Segundo Curso;4,1
CENTROS PRIVADOS;AMBOS SEXOS;01 ANDALUCÍA;TODOS LOS CURSOS;3,6
CENTROS PRIVADOS;AMBOS SEXOS;01 ANDALUCÍA;Primer Curso;2,6
CENTROS PRIVADOS;AMBOS SEXOS;01 ANDALUCÍA;Segundo Curso;4,7
CENTROS PRIVADOS;AMBOS SEXOS;Almería;TODOS LOS CURSOS;1,0
CENTROS PRIVADOS;AMBOS SEXOS;Almería;Primer Curso;0,5
CENTROS PRIVADOS;AMBOS SEXOS;Almería;Segundo Curso;1,5
CENTROS PRIVADOS;AMBOS SEXOS;Cádiz;TODOS LOS CURSOS;4,5
CENTROS PRIVADOS;AMBOS SEXOS;Cádiz;Primer Curso;3,2
CENTROS PRIVADOS;AMBOS SEXOS;Cádiz;Segundo Curso;5,8
CENTROS PRIVADOS;AMBOS SEXOS;Córdoba;TODOS LOS CURSOS;3,1
CENTROS PRIVADOS;AMBOS SEXOS;Córdoba;Primer Curso;1,6
CENTROS PRIVADOS;AMBOS SEXOS;Córdoba;Segundo Curso;4,6
CENTROS PRIVADOS;AMBOS SEXOS;Granada;TODOS LOS CURSOS;4,3
CENTROS PRIVADOS;AMBOS SEXOS;Granada;Primer Curso;3,3
CENTROS PRIVADOS;AMBOS SEXOS;Granada;Segundo Curso;5,4
CENTROS PRIVADOS;AMBOS SEXOS;Huelva;TODOS LOS CURSOS;3,4
CENTROS PRIVADOS;AMBOS SEXOS;Huelva;Primer Curso;2,1
CENTROS PRIVADOS;AMBOS SEXOS;Huelva;Segundo Curso;4,7
CENTROS PRIVADOS;AMBOS SEXOS;Jaén;TODOS LOS CURSOS;5,8
CENTROS PRIVADOS;AMBOS SEXOS;Jaén;Primer Curso;4,7
CENTROS PRIVADOS;AMBOS SEXOS;Jaén;Segundo Curso;7,0
CENTROS PRIVADOS;AMBOS SEXOS;Málaga;TODOS LOS CURSOS;3,7
CENTROS PRIVADOS;AMBOS SEXOS;Málaga;Primer Curso;2,7
CENTROS PRIVADOS;AMBOS SEXOS;Málaga;Segundo Curso;4,8
CENTROS PRIVADOS;AMBOS SEXOS;Sevilla;TODOS LOS CURSOS;2,9
CENTROS PRIVADOS;AMBOS SEXOS;Sevilla;Primer Curso;2,1
CENTROS PRIVADOS;AMBOS SEXOS;Sevilla;Segundo Curso;3,7
CENTROS PRIVADOS;AMBOS SEXOS;02 ARAGÓN;TODOS LOS CURSOS;2,2
CENTROS PRIVADOS;AMBOS SEXOS;02 ARAGÓN;Primer Curso;1,4
CENTROS PRIVADOS;AMBOS SEXOS;02 ARAGÓN;Segundo Curso;3,0
CENTROS PRIVADOS;AMBOS SEXOS;Huesca;TODOS LOS CURSOS;2,0
CENTROS PRIVADOS;AMBOS SEXOS;Huesca;Primer Curso;1,1
CENTROS PRIVADOS;AMBOS SEXOS;Huesca;Segundo Curso;2,8
CENTROS PRIVADOS;AMBOS SEXOS;Teruel;TODOS LOS CURSOS;0,0
CENTROS PRIVADOS;AMBOS SEXOS;Teruel;Primer Curso;0,0
CENTROS PRIVADOS;AMBOS SEXOS;Teruel;Segundo Curso;0,0
CENTROS PRIVADOS;AMBOS SEXOS;Zaragoza;TODOS LOS CURSOS;2,3
CENTROS PRIVADOS;AMBOS SEXOS;Zaragoza;Primer Curso;1,5
CENTROS PRIVADOS;AMBOS SEXOS;Zaragoza;Segundo Curso;3,0
CENTROS PRIVADOS;AMBOS SEXOS;03 ASTURIAS, PRINCIPADO DE;TODOS LOS CURSOS;5,2
CENTROS PRIVADOS;AMBOS SEXOS;03 ASTURIAS, PRINCIPADO DE;Primer Curso;5,0
CENTROS PRIVADOS;AMBOS SEXOS;03 ASTURIAS, PRINCIPADO DE;Segundo Curso;5,4
CENTROS PRIVADOS;AMBOS SEXOS;04 BALEARS, ILLES;TODOS LOS CURSOS;6,3
CENTROS PRIVADOS;AMBOS SEXOS;04 BALEARS, ILLES;Primer Curso;3,6
CENTROS PRIVADOS;AMBOS SEXOS;04 BALEARS, ILLES;Segundo Curso;9,1
CENTROS PRIVADOS;AMBOS SEXOS;05 CANARIAS;TODOS LOS CURSOS;1,2
CENTROS PRIVADOS;AMBOS SEXOS;05 CANARIAS;Primer Curso;0,9
CENTROS PRIVADOS;AMBOS SEXOS;05 CANARIAS;Segundo Curso;1,6
CENTROS PRIVADOS;AMBOS SEXOS;Las Palmas;TODOS LOS CURSOS;1,9
CENTROS PRIVADOS;AMBOS SEXOS;Las Palmas;Primer Curso;1,3
CENTROS PRIVADOS;AMBOS SEXOS;Las Palmas;Segundo Curso;2,6
CENTROS PRIVADOS;AMBOS SEXOS;Santa Cruz de Tenerife;TODOS LOS CURSOS;0,6
CENTROS PRIVADOS;AMBOS SEXOS;Santa Cruz de Tenerife;Primer Curso;0,5
CENTROS PRIVADOS;AMBOS SEXOS;Santa Cruz de Tenerife;Segundo Curso;0,6
CENTROS PRIVADOS;AMBOS SEXOS;06 CANTABRIA;TODOS LOS CURSOS;2,8
CENTROS PRIVADOS;AMBOS SEXOS;06 CANTABRIA;Primer Curso;2,4
CENTROS PRIVADOS;AMBOS SEXOS;06 CANTABRIA;Segundo Curso;3,2
CENTROS PRIVADOS;AMBOS SEXOS;07 CASTILLA Y LEÓN;TODOS LOS CURSOS;3,4
CENTROS PRIVADOS;AMBOS SEXOS;07 CASTILLA Y LEÓN;Primer Curso;2,7
CENTROS PRIVADOS;AMBOS SEXOS;07 CASTILLA Y LEÓN;Segundo Curso;4,2
CENTROS PRIVADOS;AMBOS SEXOS;Ávila;TODOS LOS CURSOS;9,9
CENTROS PRIVADOS;AMBOS SEXOS;Ávila;Primer Curso;8,0
CENTROS PRIVADOS;AMBOS SEXOS;Ávila;Segundo Curso;11,7
CENTROS PRIVADOS;AMBOS SEXOS;Burgos;TODOS LOS CURSOS;4,5
CENTROS PRIVADOS;AMBOS SEXOS;Burgos;Primer Curso;2,4
CENTROS PRIVADOS;AMBOS SEXOS;Burgos;Segundo Curso;6,8
CENTROS PRIVADOS;AMBOS SEXOS;León;TODOS LOS CURSOS;3,1
CENTROS PRIVADOS;AMBOS SEXOS;León;Primer Curso;3,6
CENTROS PRIVADOS;AMBOS SEXOS;León;Segundo Curso;2,6
CENTROS PRIVADOS;AMBOS SEXOS;Palencia;TODOS LOS CURSOS;2,5
CENTROS PRIVADOS;AMBOS SEXOS;Palencia;Primer Curso;2,2
CENTROS PRIVADOS;AMBOS SEXOS;Palencia;Segundo Curso;2,8
CENTROS PRIVADOS;AMBOS SEXOS;Salamanca;TODOS LOS CURSOS;2,2
CENTROS PRIVADOS;AMBOS SEXOS;Salamanca;Primer Curso;1,5
CENTROS PRIVADOS;AMBOS SEXOS;Salamanca;Segundo Curso;2,9
CENTROS PRIVADOS;AMBOS SEXOS;Segovia;TODOS LOS CURSOS;1,7
CENTROS PRIVADOS;AMBOS SEXOS;Segovia;Primer Curso;0,7
CENTROS PRIVADOS;AMBOS SEXOS;Segovia;Segundo Curso;2,5
CENTROS PRIVADOS;AMBOS SEXOS;Soria;TODOS LOS CURSOS;0,0
CENTROS PRIVADOS;AMBOS SEXOS;Soria;Primer Curso;0,0
CENTROS PRIVADOS;AMBOS SEXOS;Soria;Segundo Curso;0,0
CENTROS PRIVADOS;AMBOS SEXOS;Valladolid;TODOS LOS CURSOS;3,2
CENTROS PRIVADOS;AMBOS SEXOS;Valladolid;Primer Curso;2,6
CENTROS PRIVADOS;AMBOS SEXOS;Valladolid;Segundo Curso;3,8
CENTROS PRIVADOS;AMBOS SEXOS;Zamora;TODOS LOS CURSOS;0,9
CENTROS PRIVADOS;AMBOS SEXOS;Zamora;Primer Curso;0,0
CENTROS PRIVADOS;AMBOS SEXOS;Zamora;Segundo Curso;1,9
CENTROS PRIVADOS;AMBOS SEXOS;08 CASTILLA-LA MANCHA;TODOS LOS CURSOS;6,6
CENTROS PRIVADOS;AMBOS SEXOS;08 CASTILLA-LA MANCHA;Primer Curso;4,7
CENTROS PRIVADOS;AMBOS SEXOS;08 CASTILLA-LA MANCHA;Segundo Curso;8,5
CENTROS PRIVADOS;AMBOS SEXOS;Albacete;TODOS LOS CURSOS;1,7
CENTROS PRIVADOS;AMBOS SEXOS;Albacete;Primer Curso;1,3
CENTROS PRIVADOS;AMBOS SEXOS;Albacete;Segundo Curso;2,2
CENTROS PRIVADOS;AMBOS SEXOS;Ciudad Real;TODOS LOS CURSOS;6,3
CENTROS PRIVADOS;AMBOS SEXOS;Ciudad Real;Primer Curso;2,3
CENTROS PRIVADOS;AMBOS SEXOS;Ciudad Real;Segundo Curso;10,4
CENTROS PRIVADOS;AMBOS SEXOS;Cuenca;TODOS LOS CURSOS;2,2
CENTROS PRIVADOS;AMBOS SEXOS;Cuenca;Primer Curso;0,0
CENTROS PRIVADOS;AMBOS SEXOS;Cuenca;Segundo Curso;4,2
CENTROS PRIVADOS;AMBOS SEXOS;Guadalajara;TODOS LOS CURSOS;4,6
CENTROS PRIVADOS;AMBOS SEXOS;Guadalajara;Primer Curso;2,4
CENTROS PRIVADOS;AMBOS SEXOS;Guadalajara;Segundo Curso;6,6
CENTROS PRIVADOS;AMBOS SEXOS;Toledo;TODOS LOS CURSOS;9,7
CENTROS PRIVADOS;AMBOS SEXOS;Toledo;Primer Curso;8,4
CENTROS PRIVADOS;AMBOS SEXOS;Toledo;Segundo Curso;11,1
CENTROS PRIVADOS;AMBOS SEXOS;09 CATALUÑA;TODOS LOS CURSOS;2,8
CENTROS PRIVADOS;AMBOS SEXOS;09 CATALUÑA;Primer Curso;2,0
CENTROS PRIVADOS;AMBOS SEXOS;09 CATALUÑA;Segundo Curso;3,5
CENTROS PRIVADOS;AMBOS SEXOS;Barcelona;TODOS LOS CURSOS;2,9
CENTROS PRIVADOS;AMBOS SEXOS;Barcelona;Primer Curso;2,1
CENTROS PRIVADOS;AMBOS SEXOS;Barcelona;Segundo Curso;3,7
CENTROS PRIVADOS;AMBOS SEXOS;Girona;TODOS LOS CURSOS;1,4
CENTROS PRIVADOS;AMBOS SEXOS;Girona;Primer Curso;1,6
CENTROS PRIVADOS;AMBOS SEXOS;Girona;Segundo Curso;1,1
CENTROS PRIVADOS;AMBOS SEXOS;Lleida;TODOS LOS CURSOS;2,4
CENTROS PRIVADOS;AMBOS SEXOS;Lleida;Primer Curso;1,0
CENTROS PRIVADOS;AMBOS SEXOS;Lleida;Segundo Curso;3,8
CENTROS PRIVADOS;AMBOS SEXOS;Tarragona;TODOS LOS CURSOS;2,3
CENTROS PRIVADOS;AMBOS SEXOS;Tarragona;Primer Curso;2,1
CENTROS PRIVADOS;AMBOS SEXOS;Tarragona;Segundo Curso;2,5
CENTROS PRIVADOS;AMBOS SEXOS;10 COMUNITAT VALENCIANA;TODOS LOS CURSOS;2,0
CENTROS PRIVADOS;AMBOS SEXOS;10 COMUNITAT VALENCIANA;Primer Curso;1,9
CENTROS PRIVADOS;AMBOS SEXOS;10 COMUNITAT VALENCIANA;Segundo Curso;2,0
CENTROS PRIVADOS;AMBOS SEXOS;Alicante/Alacant;TODOS LOS CURSOS;1,3
CENTROS PRIVADOS;AMBOS SEXOS;Alicante/Alacant;Primer Curso;1,7
CENTROS PRIVADOS;AMBOS SEXOS;Alicante/Alacant;Segundo Curso;1,0
CENTROS PRIVADOS;AMBOS SEXOS;Castellón/Castelló;TODOS LOS CURSOS;2,2
CENTROS PRIVADOS;AMBOS SEXOS;Castellón/Castelló;Primer Curso;2,3
CENTROS PRIVADOS;AMBOS SEXOS;Castellón/Castelló;Segundo Curso;2,2
CENTROS PRIVADOS;AMBOS SEXOS;Valencia/València;TODOS LOS CURSOS;2,2
CENTROS PRIVADOS;AMBOS SEXOS;Valencia/València;Primer Curso;1,9
CENTROS PRIVADOS;AMBOS SEXOS;Valencia/València;Segundo Curso;2,5
CENTROS PRIVADOS;AMBOS SEXOS;11 EXTREMADURA;TODOS LOS CURSOS;2,8
CENTROS PRIVADOS;AMBOS SEXOS;11 EXTREMADURA;Primer Curso;2,1
CENTROS PRIVADOS;AMBOS SEXOS;11 EXTREMADURA;Segundo Curso;3,6
CENTROS PRIVADOS;AMBOS SEXOS;Badajoz;TODOS LOS CURSOS;3,8
CENTROS PRIVADOS;AMBOS SEXOS;Badajoz;Primer Curso;2,8
CENTROS PRIVADOS;AMBOS SEXOS;Badajoz;Segundo Curso;4,7
CENTROS PRIVADOS;AMBOS SEXOS;Cáceres;TODOS LOS CURSOS;0,8
CENTROS PRIVADOS;AMBOS SEXOS;Cáceres;Primer Curso;0,3
CENTROS PRIVADOS;AMBOS SEXOS;Cáceres;Segundo Curso;1,2
CENTROS PRIVADOS;AMBOS SEXOS;12 GALICIA;TODOS LOS CURSOS;2,0
CENTROS PRIVADOS;AMBOS SEXOS;12 GALICIA;Primer Curso;1,7
CENTROS PRIVADOS;AMBOS SEXOS;12 GALICIA;Segundo Curso;2,3
CENTROS PRIVADOS;AMBOS SEXOS;A Coruña;TODOS LOS CURSOS;2,2
CENTROS PRIVADOS;AMBOS SEXOS;A Coruña;Primer Curso;1,9
CENTROS PRIVADOS;AMBOS SEXOS;A Coruña;Segundo Curso;2,4
CENTROS PRIVADOS;AMBOS SEXOS;Lugo;TODOS LOS CURSOS;1,2
CENTROS PRIVADOS;AMBOS SEXOS;Lugo;Primer Curso;0,6
CENTROS PRIVADOS;AMBOS SEXOS;Lugo;Segundo Curso;1,6
CENTROS PRIVADOS;AMBOS SEXOS;Ourense;TODOS LOS CURSOS;2,2
CENTROS PRIVADOS;AMBOS SEXOS;Ourense;Primer Curso;2,6
CENTROS PRIVADOS;AMBOS SEXOS;Ourense;Segundo Curso;1,8
CENTROS PRIVADOS;AMBOS SEXOS;Pontevedra;TODOS LOS CURSOS;1,8
CENTROS PRIVADOS;AMBOS SEXOS;Pontevedra;Primer Curso;1,4
CENTROS PRIVADOS;AMBOS SEXOS;Pontevedra;Segundo Curso;2,3
CENTROS PRIVADOS;AMBOS SEXOS;13 MADRID, COMUNIDAD DE;TODOS LOS CURSOS;3,3
CENTROS PRIVADOS;AMBOS SEXOS;13 MADRID, COMUNIDAD DE;Primer Curso;2,3
CENTROS PRIVADOS;AMBOS SEXOS;13 MADRID, COMUNIDAD DE;Segundo Curso;4,2
CENTROS PRIVADOS;AMBOS SEXOS;14 MURCIA, REGIÓN DE;TODOS LOS CURSOS;8,6
CENTROS PRIVADOS;AMBOS SEXOS;14 MURCIA, REGIÓN DE;Primer Curso;6,8
CENTROS PRIVADOS;AMBOS SEXOS;14 MURCIA, REGIÓN DE;Segundo Curso;10,6
CENTROS PRIVADOS;AMBOS SEXOS;15 NAVARRA, COMUNIDAD FORAL DE;TODOS LOS CURSOS;2,6
CENTROS PRIVADOS;AMBOS SEXOS;15 NAVARRA, COMUNIDAD FORAL DE;Primer Curso;2,5
CENTROS PRIVADOS;AMBOS SEXOS;15 NAVARRA, COMUNIDAD FORAL DE;Segundo Curso;2,6
CENTROS PRIVADOS;AMBOS SEXOS;16 PAÍS VASCO;TODOS LOS CURSOS;2,8
CENTROS PRIVADOS;AMBOS SEXOS;16 PAÍS VASCO;Primer Curso;1,6
CENTROS PRIVADOS;AMBOS SEXOS;16 PAÍS VASCO;Segundo Curso;4,1
CENTROS PRIVADOS;AMBOS SEXOS;Araba/Álava;TODOS LOS CURSOS;4,7
CENTROS PRIVADOS;AMBOS SEXOS;Araba/Álava;Primer Curso;2,5
CENTROS PRIVADOS;AMBOS SEXOS;Araba/Álava;Segundo Curso;7,0
CENTROS PRIVADOS;AMBOS SEXOS;Gipuzkoa;TODOS LOS CURSOS;1,7
CENTROS PRIVADOS;AMBOS SEXOS;Gipuzkoa;Primer Curso;1,0
CENTROS PRIVADOS;AMBOS SEXOS;Gipuzkoa;Segundo Curso;2,4
CENTROS PRIVADOS;AMBOS SEXOS;Bizkaia;TODOS LOS CURSOS;3,1
CENTROS PRIVADOS;AMBOS SEXOS;Bizkaia;Primer Curso;1,8
CENTROS PRIVADOS;AMBOS SEXOS;Bizkaia;Segundo Curso;4,4
CENTROS PRIVADOS;AMBOS SEXOS;17 RIOJA, LA;TODOS LOS CURSOS;3,0
CENTROS PRIVADOS;AMBOS SEXOS;17 RIOJA, LA;Primer Curso;1,6
CENTROS PRIVADOS;AMBOS SEXOS;17 RIOJA, LA;Segundo Curso;4,4
CENTROS PRIVADOS;AMBOS SEXOS;18 CEUTA;TODOS LOS CURSOS;0,0
CENTROS PRIVADOS;AMBOS SEXOS;18 CEUTA;Primer Curso;0,0
CENTROS PRIVADOS;AMBOS SEXOS;18 CEUTA;Segundo Curso;0,0
CENTROS PRIVADOS;AMBOS SEXOS;19 MELILLA;TODOS LOS CURSOS;1,5
CENTROS PRIVADOS;AMBOS SEXOS;19 MELILLA;Primer Curso;2,9
CENTROS PRIVADOS;AMBOS SEXOS;19 MELILLA;Segundo Curso;0,0
CENTROS PRIVADOS;Hombres;00 TOTAL;TODOS LOS CURSOS;3,8
CENTROS PRIVADOS;Hombres;00 TOTAL;Primer Curso;2,8
CENTROS PRIVADOS;Hombres;00 TOTAL;Segundo Curso;4,8
CENTROS PRIVADOS;Hombres;01 ANDALUCÍA;TODOS LOS CURSOS;4,4
CENTROS PRIVADOS;Hombres;01 ANDALUCÍA;Primer Curso;3,0
CENTROS PRIVADOS;Hombres;01 ANDALUCÍA;Segundo Curso;5,8
CENTROS PRIVADOS;Hombres;Almería;TODOS LOS CURSOS;1,2
CENTROS PRIVADOS;Hombres;Almería;Primer Curso;0,7
CENTROS PRIVADOS;Hombres;Almería;Segundo Curso;1,8
CENTROS PRIVADOS;Hombres;Cádiz;TODOS LOS CURSOS;5,3
CENTROS PRIVADOS;Hombres;Cádiz;Primer Curso;3,9
CENTROS PRIVADOS;Hombres;Cádiz;Segundo Curso;6,8
CENTROS PRIVADOS;Hombres;Córdoba;TODOS LOS CURSOS;3,7
CENTROS PRIVADOS;Hombres;Córdoba;Primer Curso;2,0
CENTROS PRIVADOS;Hombres;Córdoba;Segundo Curso;5,5
CENTROS PRIVADOS;Hombres;Granada;TODOS LOS CURSOS;4,9
CENTROS PRIVADOS;Hombres;Granada;Primer Curso;4,0
CENTROS PRIVADOS;Hombres;Granada;Segundo Curso;5,9
CENTROS PRIVADOS;Hombres;Huelva;TODOS LOS CURSOS;4,0
CENTROS PRIVADOS;Hombres;Huelva;Primer Curso;3,1
CENTROS PRIVADOS;Hombres;Huelva;Segundo Curso;5,1
CENTROS PRIVADOS;Hombres;Jaén;TODOS LOS CURSOS;6,5
CENTROS PRIVADOS;Hombres;Jaén;Primer Curso;4,9
CENTROS PRIVADOS;Hombres;Jaén;Segundo Curso;8,1
CENTROS PRIVADOS;Hombres;Málaga;TODOS LOS CURSOS;4,6
CENTROS PRIVADOS;Hombres;Málaga;Primer Curso;2,9
CENTROS PRIVADOS;Hombres;Málaga;Segundo Curso;6,4
CENTROS PRIVADOS;Hombres;Sevilla;TODOS LOS CURSOS;3,7
CENTROS PRIVADOS;Hombres;Sevilla;Primer Curso;2,3
CENTROS PRIVADOS;Hombres;Sevilla;Segundo Curso;5,2
CENTROS PRIVADOS;Hombres;02 ARAGÓN;TODOS LOS CURSOS;2,7
CENTROS PRIVADOS;Hombres;02 ARAGÓN;Primer Curso;1,8
CENTROS PRIVADOS;Hombres;02 ARAGÓN;Segundo Curso;3,6
CENTROS PRIVADOS;Hombres;Huesca;TODOS LOS CURSOS;2,9
CENTROS PRIVADOS;Hombres;Huesca;Primer Curso;1,3
CENTROS PRIVADOS;Hombres;Huesca;Segundo Curso;4,2
CENTROS PRIVADOS;Hombres;Teruel;TODOS LOS CURSOS;0,0
CENTROS PRIVADOS;Hombres;Teruel;Primer Curso;0,0
CENTROS PRIVADOS;Hombres;Teruel;Segundo Curso;0,0
CENTROS PRIVADOS;Hombres;Zaragoza;TODOS LOS CURSOS;2,7
CENTROS PRIVADOS;Hombres;Zaragoza;Primer Curso;1,8
CENTROS PRIVADOS;Hombres;Zaragoza;Segundo Curso;3,6
CENTROS PRIVADOS;Hombres;03 ASTURIAS, PRINCIPADO DE;TODOS LOS CURSOS;4,9
CENTROS PRIVADOS;Hombres;03 ASTURIAS, PRINCIPADO DE;Primer Curso;4,3
CENTROS PRIVADOS;Hombres;03 ASTURIAS, PRINCIPADO DE;Segundo Curso;5,6
CENTROS PRIVADOS;Hombres;04 BALEARS, ILLES;TODOS LOS CURSOS;7,4
CENTROS PRIVADOS;Hombres;04 BALEARS, ILLES;Primer Curso;4,4
CENTROS PRIVADOS;Hombres;04 BALEARS, ILLES;Segundo Curso;10,7
CENTROS PRIVADOS;Hombres;05 CANARIAS;TODOS LOS CURSOS;1,6
CENTROS PRIVADOS;Hombres;05 CANARIAS;Primer Curso;1,2
CENTROS PRIVADOS;Hombres;05 CANARIAS;Segundo Curso;1,9
CENTROS PRIVADOS;Hombres;Las Palmas;TODOS LOS CURSOS;2,6
CENTROS PRIVADOS;Hombres;Las Palmas;Primer Curso;1,9
CENTROS PRIVADOS;Hombres;Las Palmas;Segundo Curso;3,3
CENTROS PRIVADOS;Hombres;Santa Cruz de Tenerife;TODOS LOS CURSOS;0,6
CENTROS PRIVADOS;Hombres;Santa Cruz de Tenerife;Primer Curso;0,5
CENTROS PRIVADOS;Hombres;Santa Cruz de Tenerife;Segundo Curso;0,7
CENTROS PRIVADOS;Hombres;06 CANTABRIA;TODOS LOS CURSOS;3,4
CENTROS PRIVADOS;Hombres;06 CANTABRIA;Primer Curso;3,0
CENTROS PRIVADOS;Hombres;06 CANTABRIA;Segundo Curso;3,6
CENTROS PRIVADOS;Hombres;07 CASTILLA Y LEÓN;TODOS LOS CURSOS;4,7
CENTROS PRIVADOS;Hombres;07 CASTILLA Y LEÓN;Primer Curso;3,7
CENTROS PRIVADOS;Hombres;07 CASTILLA Y LEÓN;Segundo Curso;5,7
CENTROS PRIVADOS;Hombres;Ávila;TODOS LOS CURSOS;12,4
CENTROS PRIVADOS;Hombres;Ávila;Primer Curso;6,1
CENTROS PRIVADOS;Hombres;Ávila;Segundo Curso;20,0
CENTROS PRIVADOS;Hombres;Burgos;TODOS LOS CURSOS;5,1
CENTROS PRIVADOS;Hombres;Burgos;Primer Curso;2,4
CENTROS PRIVADOS;Hombres;Burgos;Segundo Curso;8,0
CENTROS PRIVADOS;Hombres;León;TODOS LOS CURSOS;4,8
CENTROS PRIVADOS;Hombres;León;Primer Curso;5,2
CENTROS PRIVADOS;Hombres;León;Segundo Curso;4,3
CENTROS PRIVADOS;Hombres;Palencia;TODOS LOS CURSOS;3,1
CENTROS PRIVADOS;Hombres;Palencia;Primer Curso;3,8
CENTROS PRIVADOS;Hombres;Palencia;Segundo Curso;2,2
CENTROS PRIVADOS;Hombres;Salamanca;TODOS LOS CURSOS;3,3
CENTROS PRIVADOS;Hombres;Salamanca;Primer Curso;3,0
CENTROS PRIVADOS;Hombres;Salamanca;Segundo Curso;3,6
CENTROS PRIVADOS;Hombres;Segovia;TODOS LOS CURSOS;0,0
CENTROS PRIVADOS;Hombres;Segovia;Primer Curso;0,0
CENTROS PRIVADOS;Hombres;Segovia;Segundo Curso;0,0
CENTROS PRIVADOS;Hombres;Soria;TODOS LOS CURSOS;0,0
CENTROS PRIVADOS;Hombres;Soria;Primer Curso;0,0
CENTROS PRIVADOS;Hombres;Soria;Segundo Curso;0,0
CENTROS PRIVADOS;Hombres;Valladolid;TODOS LOS CURSOS;5,0
CENTROS PRIVADOS;Hombres;Valladolid;Primer Curso;4,3
CENTROS PRIVADOS;Hombres;Valladolid;Segundo Curso;5,7
CENTROS PRIVADOS;Hombres;Zamora;TODOS LOS CURSOS;2,0
CENTROS PRIVADOS;Hombres;Zamora;Primer Curso;0,0
CENTROS PRIVADOS;Hombres;Zamora;Segundo Curso;4,9
CENTROS PRIVADOS;Hombres;08 CASTILLA-LA MANCHA;TODOS LOS CURSOS;8,1
CENTROS PRIVADOS;Hombres;08 CASTILLA-LA MANCHA;Primer Curso;6,0
CENTROS PRIVADOS;Hombres;08 CASTILLA-LA MANCHA;Segundo Curso;10,3
CENTROS PRIVADOS;Hombres;Albacete;TODOS LOS CURSOS;2,2
CENTROS PRIVADOS;Hombres;Albacete;Primer Curso;2,6
CENTROS PRIVADOS;Hombres;Albacete;Segundo Curso;1,8
CENTROS PRIVADOS;Hombres;Ciudad Real;TODOS LOS CURSOS;7,7
CENTROS PRIVADOS;Hombres;Ciudad Real;Primer Curso;3,8
CENTROS PRIVADOS;Hombres;Ciudad Real;Segundo Curso;12,0
CENTROS PRIVADOS;Hombres;Cuenca;TODOS LOS CURSOS;2,1
CENTROS PRIVADOS;Hombres;Cuenca;Primer Curso;0,0
CENTROS PRIVADOS;Hombres;Cuenca;Segundo Curso;3,7
CENTROS PRIVADOS;Hombres;Guadalajara;TODOS LOS CURSOS;4,4
CENTROS PRIVADOS;Hombres;Guadalajara;Primer Curso;1,7
CENTROS PRIVADOS;Hombres;Guadalajara;Segundo Curso;7,2
CENTROS PRIVADOS;Hombres;Toledo;TODOS LOS CURSOS;12,9
CENTROS PRIVADOS;Hombres;Toledo;Primer Curso;11,1
CENTROS PRIVADOS;Hombres;Toledo;Segundo Curso;14,8
CENTROS PRIVADOS;Hombres;09 CATALUÑA;TODOS LOS CURSOS;3,4
CENTROS PRIVADOS;Hombres;09 CATALUÑA;Primer Curso;2,5
CENTROS PRIVADOS;Hombres;09 CATALUÑA;Segundo Curso;4,2
CENTROS PRIVADOS;Hombres;Barcelona;TODOS LOS CURSOS;3,4
CENTROS PRIVADOS;Hombres;Barcelona;Primer Curso;2,5
CENTROS PRIVADOS;Hombres;Barcelona;Segundo Curso;4,3
CENTROS PRIVADOS;Hombres;Girona;TODOS LOS CURSOS;1,8
CENTROS PRIVADOS;Hombres;Girona;Primer Curso;2,5
CENTROS PRIVADOS;Hombres;Girona;Segundo Curso;1,0
CENTROS PRIVADOS;Hombres;Lleida;TODOS LOS CURSOS;3,7
CENTROS PRIVADOS;Hombres;Lleida;Primer Curso;1,9
CENTROS PRIVADOS;Hombres;Lleida;Segundo Curso;5,9
CENTROS PRIVADOS;Hombres;Tarragona;TODOS LOS CURSOS;3,7
CENTROS PRIVADOS;Hombres;Tarragona;Primer Curso;3,5
CENTROS PRIVADOS;Hombres;Tarragona;Segundo Curso;3,9
CENTROS PRIVADOS;Hombres;10 COMUNITAT VALENCIANA;TODOS LOS CURSOS;2,5
CENTROS PRIVADOS;Hombres;10 COMUNITAT VALENCIANA;Primer Curso;2,5
CENTROS PRIVADOS;Hombres;10 COMUNITAT VALENCIANA;Segundo Curso;2,5
CENTROS PRIVADOS;Hombres;Alicante/Alacant;TODOS LOS CURSOS;1,9
CENTROS PRIVADOS;Hombres;Alicante/Alacant;Primer Curso;2,2
CENTROS PRIVADOS;Hombres;Alicante/Alacant;Segundo Curso;1,6
CENTROS PRIVADOS;Hombres;Castellón/Castelló;TODOS LOS CURSOS;2,7
CENTROS PRIVADOS;Hombres;Castellón/Castelló;Primer Curso;2,3
CENTROS PRIVADOS;Hombres;Castellón/Castelló;Segundo Curso;3,2
CENTROS PRIVADOS;Hombres;Valencia/València;TODOS LOS CURSOS;2,7
CENTROS PRIVADOS;Hombres;Valencia/València;Primer Curso;2,6
CENTROS PRIVADOS;Hombres;Valencia/València;Segundo Curso;2,8
CENTROS PRIVADOS;Hombres;11 EXTREMADURA;TODOS LOS CURSOS;4,1
CENTROS PRIVADOS;Hombres;11 EXTREMADURA;Primer Curso;3,1
CENTROS PRIVADOS;Hombres;11 EXTREMADURA;Segundo Curso;5,0
CENTROS PRIVADOS;Hombres;Badajoz;TODOS LOS CURSOS;5,4
CENTROS PRIVADOS;Hombres;Badajoz;Primer Curso;4,5
CENTROS PRIVADOS;Hombres;Badajoz;Segundo Curso;6,2
CENTROS PRIVADOS;Hombres;Cáceres;TODOS LOS CURSOS;1,3
CENTROS PRIVADOS;Hombres;Cáceres;Primer Curso;0,0
CENTROS PRIVADOS;Hombres;Cáceres;Segundo Curso;2,4
CENTROS PRIVADOS;Hombres;12 GALICIA;TODOS LOS CURSOS;2,3
CENTROS PRIVADOS;Hombres;12 GALICIA;Primer Curso;2,1
CENTROS PRIVADOS;Hombres;12 GALICIA;Segundo Curso;2,6
CENTROS PRIVADOS;Hombres;A Coruña;TODOS LOS CURSOS;2,4
CENTROS PRIVADOS;Hombres;A Coruña;Primer Curso;2,0
CENTROS PRIVADOS;Hombres;A Coruña;Segundo Curso;2,8
CENTROS PRIVADOS;Hombres;Lugo;TODOS LOS CURSOS;1,6
CENTROS PRIVADOS;Hombres;Lugo;Primer Curso;1,2
CENTROS PRIVADOS;Hombres;Lugo;Segundo Curso;2,0
CENTROS PRIVADOS;Hombres;Ourense;TODOS LOS CURSOS;3,2
CENTROS PRIVADOS;Hombres;Ourense;Primer Curso;4,3
CENTROS PRIVADOS;Hombres;Ourense;Segundo Curso;2,0
CENTROS PRIVADOS;Hombres;Pontevedra;TODOS LOS CURSOS;2,1
CENTROS PRIVADOS;Hombres;Pontevedra;Primer Curso;1,8
CENTROS PRIVADOS;Hombres;Pontevedra;Segundo Curso;2,5
CENTROS PRIVADOS;Hombres;13 MADRID, COMUNIDAD DE;TODOS LOS CURSOS;3,8
CENTROS PRIVADOS;Hombres;13 MADRID, COMUNIDAD DE;Primer Curso;2,8
CENTROS PRIVADOS;Hombres;13 MADRID, COMUNIDAD DE;Segundo Curso;4,9
CENTROS PRIVADOS;Hombres;14 MURCIA, REGIÓN DE;TODOS LOS CURSOS;9,9
CENTROS PRIVADOS;Hombres;14 MURCIA, REGIÓN DE;Primer Curso;7,6
CENTROS PRIVADOS;Hombres;14 MURCIA, REGIÓN DE;Segundo Curso;12,4
CENTROS PRIVADOS;Hombres;15 NAVARRA, COMUNIDAD FORAL DE;TODOS LOS CURSOS;3,0
CENTROS PRIVADOS;Hombres;15 NAVARRA, COMUNIDAD FORAL DE;Primer Curso;2,9
CENTROS PRIVADOS;Hombres;15 NAVARRA, COMUNIDAD FORAL DE;Segundo Curso;3,2
CENTROS PRIVADOS;Hombres;16 PAÍS VASCO;TODOS LOS CURSOS;3,3
CENTROS PRIVADOS;Hombres;16 PAÍS VASCO;Primer Curso;1,9
CENTROS PRIVADOS;Hombres;16 PAÍS VASCO;Segundo Curso;4,8
CENTROS PRIVADOS;Hombres;Araba/Álava;TODOS LOS CURSOS;5,0
CENTROS PRIVADOS;Hombres;Araba/Álava;Primer Curso;2,3
CENTROS PRIVADOS;Hombres;Araba/Álava;Segundo Curso;7,8
CENTROS PRIVADOS;Hombres;Gipuzkoa;TODOS LOS CURSOS;1,9
CENTROS PRIVADOS;Hombres;Gipuzkoa;Primer Curso;1,2
CENTROS PRIVADOS;Hombres;Gipuzkoa;Segundo Curso;2,7
CENTROS PRIVADOS;Hombres;Bizkaia;TODOS LOS CURSOS;3,8
CENTROS PRIVADOS;Hombres;Bizkaia;Primer Curso;2,2
CENTROS PRIVADOS;Hombres;Bizkaia;Segundo Curso;5,4
CENTROS PRIVADOS;Hombres;17 RIOJA, LA;TODOS LOS CURSOS;3,5
CENTROS PRIVADOS;Hombres;17 RIOJA, LA;Primer Curso;1,4
CENTROS PRIVADOS;Hombres;17 RIOJA, LA;Segundo Curso;5,7
CENTROS PRIVADOS;Hombres;18 CEUTA;TODOS LOS CURSOS;0,0
CENTROS PRIVADOS;Hombres;18 CEUTA;Primer Curso;0,0
CENTROS PRIVADOS;Hombres;18 CEUTA;Segundo Curso;0,0
CENTROS PRIVADOS;Hombres;19 MELILLA;TODOS LOS CURSOS;3,2
CENTROS PRIVADOS;Hombres;19 MELILLA;Primer Curso;4,3
CENTROS PRIVADOS;Hombres;19 MELILLA;Segundo Curso;0,0
CENTROS PRIVADOS;Mujeres;00 TOTAL;TODOS LOS CURSOS;2,6
CENTROS PRIVADOS;Mujeres;00 TOTAL;Primer Curso;1,9
CENTROS PRIVADOS;Mujeres;00 TOTAL;Segundo Curso;3,3
CENTROS PRIVADOS;Mujeres;01 ANDALUCÍA;TODOS LOS CURSOS;2,9
CENTROS PRIVADOS;Mujeres;01 ANDALUCÍA;Primer Curso;2,2
CENTROS PRIVADOS;Mujeres;01 ANDALUCÍA;Segundo Curso;3,6
CENTROS PRIVADOS;Mujeres;Almería;TODOS LOS CURSOS;0,8
CENTROS PRIVADOS;Mujeres;Almería;Primer Curso;0,3
CENTROS PRIVADOS;Mujeres;Almería;Segundo Curso;1,2
CENTROS PRIVADOS;Mujeres;Cádiz;TODOS LOS CURSOS;3,7
CENTROS PRIVADOS;Mujeres;Cádiz;Primer Curso;2,6
CENTROS PRIVADOS;Mujeres;Cádiz;Segundo Curso;4,9
CENTROS PRIVADOS;Mujeres;Córdoba;TODOS LOS CURSOS;2,6
CENTROS PRIVADOS;Mujeres;Córdoba;Primer Curso;1,3
CENTROS PRIVADOS;Mujeres;Córdoba;Segundo Curso;3,8
CENTROS PRIVADOS;Mujeres;Granada;TODOS LOS CURSOS;3,8
CENTROS PRIVADOS;Mujeres;Granada;Primer Curso;2,6
CENTROS PRIVADOS;Mujeres;Granada;Segundo Curso;4,9
CENTROS PRIVADOS;Mujeres;Huelva;TODOS LOS CURSOS;2,8
CENTROS PRIVADOS;Mujeres;Huelva;Primer Curso;1,2
CENTROS PRIVADOS;Mujeres;Huelva;Segundo Curso;4,3
CENTROS PRIVADOS;Mujeres;Jaén;TODOS LOS CURSOS;5,2
CENTROS PRIVADOS;Mujeres;Jaén;Primer Curso;4,5
CENTROS PRIVADOS;Mujeres;Jaén;Segundo Curso;5,8
CENTROS PRIVADOS;Mujeres;Málaga;TODOS LOS CURSOS;2,9
CENTROS PRIVADOS;Mujeres;Málaga;Primer Curso;2,5
CENTROS PRIVADOS;Mujeres;Málaga;Segundo Curso;3,4
CENTROS PRIVADOS;Mujeres;Sevilla;TODOS LOS CURSOS;2,1
CENTROS PRIVADOS;Mujeres;Sevilla;Primer Curso;1,9
CENTROS PRIVADOS;Mujeres;Sevilla;Segundo Curso;2,3
CENTROS PRIVADOS;Mujeres;02 ARAGÓN;TODOS LOS CURSOS;1,7
CENTROS PRIVADOS;Mujeres;02 ARAGÓN;Primer Curso;1,2
CENTROS PRIVADOS;Mujeres;02 ARAGÓN;Segundo Curso;2,4
CENTROS PRIVADOS;Mujeres;Huesca;TODOS LOS CURSOS;1,1
CENTROS PRIVADOS;Mujeres;Huesca;Primer Curso;1,0
CENTROS PRIVADOS;Mujeres;Huesca;Segundo Curso;1,2
CENTROS PRIVADOS;Mujeres;Teruel;TODOS LOS CURSOS;0,0
CENTROS PRIVADOS;Mujeres;Teruel;Primer Curso;0,0
CENTROS PRIVADOS;Mujeres;Teruel;Segundo Curso;0,0
CENTROS PRIVADOS;Mujeres;Zaragoza;TODOS LOS CURSOS;1,8
CENTROS PRIVADOS;Mujeres;Zaragoza;Primer Curso;1,2
CENTROS PRIVADOS;Mujeres;Zaragoza;Segundo Curso;2,5
CENTROS PRIVADOS;Mujeres;03 ASTURIAS, PRINCIPADO DE;TODOS LOS CURSOS;5,5
CENTROS PRIVADOS;Mujeres;03 ASTURIAS, PRINCIPADO DE;Primer Curso;5,8
CENTROS PRIVADOS;Mujeres;03 ASTURIAS, PRINCIPADO DE;Segundo Curso;5,2
CENTROS PRIVADOS;Mujeres;04 BALEARS, ILLES;TODOS LOS CURSOS;5,2
CENTROS PRIVADOS;Mujeres;04 BALEARS, ILLES;Primer Curso;2,8
CENTROS PRIVADOS;Mujeres;04 BALEARS, ILLES;Segundo Curso;7,6
CENTROS PRIVADOS;Mujeres;05 CANARIAS;TODOS LOS CURSOS;0,9
CENTROS PRIVADOS;Mujeres;05 CANARIAS;Primer Curso;0,6
CENTROS PRIVADOS;Mujeres;05 CANARIAS;Segundo Curso;1,2
CENTROS PRIVADOS;Mujeres;Las Palmas;TODOS LOS CURSOS;1,2
CENTROS PRIVADOS;Mujeres;Las Palmas;Primer Curso;0,6
CENTROS PRIVADOS;Mujeres;Las Palmas;Segundo Curso;1,9
CENTROS PRIVADOS;Mujeres;Santa Cruz de Tenerife;TODOS LOS CURSOS;0,6
CENTROS PRIVADOS;Mujeres;Santa Cruz de Tenerife;Primer Curso;0,6
CENTROS PRIVADOS;Mujeres;Santa Cruz de Tenerife;Segundo Curso;0,6
CENTROS PRIVADOS;Mujeres;06 CANTABRIA;TODOS LOS CURSOS;2,3
CENTROS PRIVADOS;Mujeres;06 CANTABRIA;Primer Curso;1,8
CENTROS PRIVADOS;Mujeres;06 CANTABRIA;Segundo Curso;2,8
CENTROS PRIVADOS;Mujeres;07 CASTILLA Y LEÓN;TODOS LOS CURSOS;2,2
CENTROS PRIVADOS;Mujeres;07 CASTILLA Y LEÓN;Primer Curso;1,8
CENTROS PRIVADOS;Mujeres;07 CASTILLA Y LEÓN;Segundo Curso;2,7
CENTROS PRIVADOS;Mujeres;Ávila;TODOS LOS CURSOS;7,5
CENTROS PRIVADOS;Mujeres;Ávila;Primer Curso;10,2
CENTROS PRIVADOS;Mujeres;Ávila;Segundo Curso;5,5
CENTROS PRIVADOS;Mujeres;Burgos;TODOS LOS CURSOS;3,9
CENTROS PRIVADOS;Mujeres;Burgos;Primer Curso;2,5
CENTROS PRIVADOS;Mujeres;Burgos;Segundo Curso;5,6
CENTROS PRIVADOS;Mujeres;León;TODOS LOS CURSOS;1,5
CENTROS PRIVADOS;Mujeres;León;Primer Curso;1,9
CENTROS PRIVADOS;Mujeres;León;Segundo Curso;1,1
CENTROS PRIVADOS;Mujeres;Palencia;TODOS LOS CURSOS;2,0
CENTROS PRIVADOS;Mujeres;Palencia;Primer Curso;0,8
CENTROS PRIVADOS;Mujeres;Palencia;Segundo Curso;3,2
CENTROS PRIVADOS;Mujeres;Salamanca;TODOS LOS CURSOS;1,2
CENTROS PRIVADOS;Mujeres;Salamanca;Primer Curso;0,3
CENTROS PRIVADOS;Mujeres;Salamanca;Segundo Curso;2,2
CENTROS PRIVADOS;Mujeres;Segovia;TODOS LOS CURSOS;3,5
CENTROS PRIVADOS;Mujeres;Segovia;Primer Curso;1,4
CENTROS PRIVADOS;Mujeres;Segovia;Segundo Curso;5,7
CENTROS PRIVADOS;Mujeres;Soria;TODOS LOS CURSOS;0,0
CENTROS PRIVADOS;Mujeres;Soria;Primer Curso;0,0
CENTROS PRIVADOS;Mujeres;Soria;Segundo Curso;0,0
CENTROS PRIVADOS;Mujeres;Valladolid;TODOS LOS CURSOS;1,5
CENTROS PRIVADOS;Mujeres;Valladolid;Primer Curso;1,1
CENTROS PRIVADOS;Mujeres;Valladolid;Segundo Curso;1,8
CENTROS PRIVADOS;Mujeres;Zamora;TODOS LOS CURSOS;0,0
CENTROS PRIVADOS;Mujeres;Zamora;Primer Curso;0,0
CENTROS PRIVADOS;Mujeres;Zamora;Segundo Curso;0,0
CENTROS PRIVADOS;Mujeres;08 CASTILLA-LA MANCHA;TODOS LOS CURSOS;5,2
CENTROS PRIVADOS;Mujeres;08 CASTILLA-LA MANCHA;Primer Curso;3,5
CENTROS PRIVADOS;Mujeres;08 CASTILLA-LA MANCHA;Segundo Curso;6,9
CENTROS PRIVADOS;Mujeres;Albacete;TODOS LOS CURSOS;1,3
CENTROS PRIVADOS;Mujeres;Albacete;Primer Curso;0,0
CENTROS PRIVADOS;Mujeres;Albacete;Segundo Curso;2,5
CENTROS PRIVADOS;Mujeres;Ciudad Real;TODOS LOS CURSOS;5,1
CENTROS PRIVADOS;Mujeres;Ciudad Real;Primer Curso;0,7
CENTROS PRIVADOS;Mujeres;Ciudad Real;Segundo Curso;9,0
CENTROS PRIVADOS;Mujeres;Cuenca;TODOS LOS CURSOS;2,3
CENTROS PRIVADOS;Mujeres;Cuenca;Primer Curso;0,0
CENTROS PRIVADOS;Mujeres;Cuenca;Segundo Curso;4,8
CENTROS PRIVADOS;Mujeres;Guadalajara;TODOS LOS CURSOS;4,7
CENTROS PRIVADOS;Mujeres;Guadalajara;Primer Curso;3,3
CENTROS PRIVADOS;Mujeres;Guadalajara;Segundo Curso;6,0
CENTROS PRIVADOS;Mujeres;Toledo;TODOS LOS CURSOS;6,9
CENTROS PRIVADOS;Mujeres;Toledo;Primer Curso;6,0
CENTROS PRIVADOS;Mujeres;Toledo;Segundo Curso;7,8
CENTROS PRIVADOS;Mujeres;09 CATALUÑA;TODOS LOS CURSOS;2,2
CENTROS PRIVADOS;Mujeres;09 CATALUÑA;Primer Curso;1,6
CENTROS PRIVADOS;Mujeres;09 CATALUÑA;Segundo Curso;2,9
CENTROS PRIVADOS;Mujeres;Barcelona;TODOS LOS CURSOS;2,4
CENTROS PRIVADOS;Mujeres;Barcelona;Primer Curso;1,7
CENTROS PRIVADOS;Mujeres;Barcelona;Segundo Curso;3,1
CENTROS PRIVADOS;Mujeres;Girona;TODOS LOS CURSOS;1,0
CENTROS PRIVADOS;Mujeres;Girona;Primer Curso;0,8
CENTROS PRIVADOS;Mujeres;Girona;Segundo Curso;1,2
CENTROS PRIVADOS;Mujeres;Lleida;TODOS LOS CURSOS;1,2
CENTROS PRIVADOS;Mujeres;Lleida;Primer Curso;0,3
CENTROS PRIVADOS;Mujeres;Lleida;Segundo Curso;2,1
CENTROS PRIVADOS;Mujeres;Tarragona;TODOS LOS CURSOS;1,0
CENTROS PRIVADOS;Mujeres;Tarragona;Primer Curso;0,9
CENTROS PRIVADOS;Mujeres;Tarragona;Segundo Curso;1,1
CENTROS PRIVADOS;Mujeres;10 COMUNITAT VALENCIANA;TODOS LOS CURSOS;1,5
CENTROS PRIVADOS;Mujeres;10 COMUNITAT VALENCIANA;Primer Curso;1,4
CENTROS PRIVADOS;Mujeres;10 COMUNITAT VALENCIANA;Segundo Curso;1,7
CENTROS PRIVADOS;Mujeres;Alicante/Alacant;TODOS LOS CURSOS;0,8
CENTROS PRIVADOS;Mujeres;Alicante/Alacant;Primer Curso;1,1
CENTROS PRIVADOS;Mujeres;Alicante/Alacant;Segundo Curso;0,4
CENTROS PRIVADOS;Mujeres;Castellón/Castelló;TODOS LOS CURSOS;1,8
CENTROS PRIVADOS;Mujeres;Castellón/Castelló;Primer Curso;2,3
CENTROS PRIVADOS;Mujeres;Castellón/Castelló;Segundo Curso;1,3
CENTROS PRIVADOS;Mujeres;Valencia/València;TODOS LOS CURSOS;1,8
CENTROS PRIVADOS;Mujeres;Valencia/València;Primer Curso;1,3
CENTROS PRIVADOS;Mujeres;Valencia/València;Segundo Curso;2,2
CENTROS PRIVADOS;Mujeres;11 EXTREMADURA;TODOS LOS CURSOS;1,6
CENTROS PRIVADOS;Mujeres;11 EXTREMADURA;Primer Curso;1,1
CENTROS PRIVADOS;Mujeres;11 EXTREMADURA;Segundo Curso;2,1
CENTROS PRIVADOS;Mujeres;Badajoz;TODOS LOS CURSOS;2,2
CENTROS PRIVADOS;Mujeres;Badajoz;Primer Curso;1,3
CENTROS PRIVADOS;Mujeres;Badajoz;Segundo Curso;3,1
CENTROS PRIVADOS;Mujeres;Cáceres;TODOS LOS CURSOS;0,3
CENTROS PRIVADOS;Mujeres;Cáceres;Primer Curso;0,6
CENTROS PRIVADOS;Mujeres;Cáceres;Segundo Curso;0,0
CENTROS PRIVADOS;Mujeres;12 GALICIA;TODOS LOS CURSOS;1,6
CENTROS PRIVADOS;Mujeres;12 GALICIA;Primer Curso;1,3
CENTROS PRIVADOS;Mujeres;12 GALICIA;Segundo Curso;2,0
CENTROS PRIVADOS;Mujeres;A Coruña;TODOS LOS CURSOS;1,9
CENTROS PRIVADOS;Mujeres;A Coruña;Primer Curso;1,8
CENTROS PRIVADOS;Mujeres;A Coruña;Segundo Curso;2,0
CENTROS PRIVADOS;Mujeres;Lugo;TODOS LOS CURSOS;0,6
CENTROS PRIVADOS;Mujeres;Lugo;Primer Curso;0,0
CENTROS PRIVADOS;Mujeres;Lugo;Segundo Curso;1,2
CENTROS PRIVADOS;Mujeres;Ourense;TODOS LOS CURSOS;1,1
CENTROS PRIVADOS;Mujeres;Ourense;Primer Curso;0,7
CENTROS PRIVADOS;Mujeres;Ourense;Segundo Curso;1,5
CENTROS PRIVADOS;Mujeres;Pontevedra;TODOS LOS CURSOS;1,5
CENTROS PRIVADOS;Mujeres;Pontevedra;Primer Curso;0,9
CENTROS PRIVADOS;Mujeres;Pontevedra;Segundo Curso;2,1
CENTROS PRIVADOS;Mujeres;13 MADRID, COMUNIDAD DE;TODOS LOS CURSOS;2,7
CENTROS PRIVADOS;Mujeres;13 MADRID, COMUNIDAD DE;Primer Curso;1,8
CENTROS PRIVADOS;Mujeres;13 MADRID, COMUNIDAD DE;Segundo Curso;3,6
CENTROS PRIVADOS;Mujeres;14 MURCIA, REGIÓN DE;TODOS LOS CURSOS;7,4
CENTROS PRIVADOS;Mujeres;14 MURCIA, REGIÓN DE;Primer Curso;6,1
CENTROS PRIVADOS;Mujeres;14 MURCIA, REGIÓN DE;Segundo Curso;8,9
CENTROS PRIVADOS;Mujeres;15 NAVARRA, COMUNIDAD FORAL DE;TODOS LOS CURSOS;2,1
CENTROS PRIVADOS;Mujeres;15 NAVARRA, COMUNIDAD FORAL DE;Primer Curso;2,1
CENTROS PRIVADOS;Mujeres;15 NAVARRA, COMUNIDAD FORAL DE;Segundo Curso;2,1
CENTROS PRIVADOS;Mujeres;16 PAÍS VASCO;TODOS LOS CURSOS;2,4
CENTROS PRIVADOS;Mujeres;16 PAÍS VASCO;Primer Curso;1,4
CENTROS PRIVADOS;Mujeres;16 PAÍS VASCO;Segundo Curso;3,4
CENTROS PRIVADOS;Mujeres;Araba/Álava;TODOS LOS CURSOS;4,5
CENTROS PRIVADOS;Mujeres;Araba/Álava;Primer Curso;2,7
CENTROS PRIVADOS;Mujeres;Araba/Álava;Segundo Curso;6,3
CENTROS PRIVADOS;Mujeres;Gipuzkoa;TODOS LOS CURSOS;1,5
CENTROS PRIVADOS;Mujeres;Gipuzkoa;Primer Curso;0,8
CENTROS PRIVADOS;Mujeres;Gipuzkoa;Segundo Curso;2,1
CENTROS PRIVADOS;Mujeres;Bizkaia;TODOS LOS CURSOS;2,4
CENTROS PRIVADOS;Mujeres;Bizkaia;Primer Curso;1,4
CENTROS PRIVADOS;Mujeres;Bizkaia;Segundo Curso;3,4
CENTROS PRIVADOS;Mujeres;17 RIOJA, LA;TODOS LOS CURSOS;2,6
CENTROS PRIVADOS;Mujeres;17 RIOJA, LA;Primer Curso;1,8
CENTROS PRIVADOS;Mujeres;17 RIOJA, LA;Segundo Curso;3,3
CENTROS PRIVADOS;Mujeres;18 CEUTA;TODOS LOS CURSOS;0,0
CENTROS PRIVADOS;Mujeres;18 CEUTA;Primer Curso;0,0
CENTROS PRIVADOS;Mujeres;18 CEUTA;Segundo Curso;0,0
CENTROS PRIVADOS;Mujeres;19 MELILLA;TODOS LOS CURSOS;0,0
CENTROS PRIVADOS;Mujeres;19 MELILLA;Primer Curso;0,0
CENTROS PRIVADOS;Mujeres;19 MELILLA;Segundo Curso;0,0
