﻿Sexo;Ingresos mensuales netos del hogar;Máximo nivel educativo alcanzado;Total
Ambos sexos;Total;Total personas;100,0
Ambos sexos;Total;Educación primaria o inferior;4,2
Ambos sexos;Total;1ª etapa de educación secundaria;29,0
Ambos sexos;Total;2ª etapa de educación secundaria: Bachillerato y similares;17,3
Ambos sexos;Total;2ª etapa de educación secundaria: enseñanzas con orientación profesional;11,4
Ambos sexos;Total;Formación profesional de grado superior;11,5
Ambos sexos;Total;Grado universitario (240 créditos ECTS), diplomatura;10,1
Ambos sexos;Total;Grado universitario (más de 240 créditos), licenciatura;9,2
Ambos sexos;Total;Máster, especialidad en Ciencias de la Salud y doctorado;7,3
Ambos sexos;Menos de 1.100 euros;Total personas;100,0
Ambos sexos;Menos de 1.100 euros;Educación primaria o inferior;10,4
Ambos sexos;Menos de 1.100 euros;1ª etapa de educación secundaria;42,9
Ambos sexos;Menos de 1.100 euros;2ª etapa de educación secundaria: Bachillerato y similares;16,4
Ambos sexos;Menos de 1.100 euros;2ª etapa de educación secundaria: enseñanzas con orientación profesional;11,1
Ambos sexos;Menos de 1.100 euros;Formación profesional de grado superior;8,2
Ambos sexos;Menos de 1.100 euros;Grado universitario (240 créditos ECTS), diplomatura;4,9
Ambos sexos;Menos de 1.100 euros;Grado universitario (más de 240 créditos), licenciatura;3,5
Ambos sexos;Menos de 1.100 euros;Máster, especialidad en Ciencias de la Salud y doctorado;2,6
Ambos sexos;De 1.100 a menos de 1.650 euros;Total personas;100,0
Ambos sexos;De 1.100 a menos de 1.650 euros;Educación primaria o inferior;5,9
Ambos sexos;De 1.100 a menos de 1.650 euros;1ª etapa de educación secundaria;40,1
Ambos sexos;De 1.100 a menos de 1.650 euros;2ª etapa de educación secundaria: Bachillerato y similares;18,8
Ambos sexos;De 1.100 a menos de 1.650 euros;2ª etapa de educación secundaria: enseñanzas con orientación profesional;11,9
Ambos sexos;De 1.100 a menos de 1.650 euros;Formación profesional de grado superior;10,2
Ambos sexos;De 1.100 a menos de 1.650 euros;Grado universitario (240 créditos ECTS), diplomatura;5,4
Ambos sexos;De 1.100 a menos de 1.650 euros;Grado universitario (más de 240 créditos), licenciatura;4,5
Ambos sexos;De 1.100 a menos de 1.650 euros;Máster, especialidad en Ciencias de la Salud y doctorado;3,2
Ambos sexos;De 1.650 a menos de 2.300 euros;Total personas;100,0
Ambos sexos;De 1.650 a menos de 2.300 euros;Educación primaria o inferior;2,6
Ambos sexos;De 1.650 a menos de 2.300 euros;1ª etapa de educación secundaria;32,0
Ambos sexos;De 1.650 a menos de 2.300 euros;2ª etapa de educación secundaria: Bachillerato y similares;17,4
Ambos sexos;De 1.650 a menos de 2.300 euros;2ª etapa de educación secundaria: enseñanzas con orientación profesional;12,8
Ambos sexos;De 1.650 a menos de 2.300 euros;Formación profesional de grado superior;13,1
Ambos sexos;De 1.650 a menos de 2.300 euros;Grado universitario (240 créditos ECTS), diplomatura;10,1
Ambos sexos;De 1.650 a menos de 2.300 euros;Grado universitario (más de 240 créditos), licenciatura;7,6
Ambos sexos;De 1.650 a menos de 2.300 euros;Máster, especialidad en Ciencias de la Salud y doctorado;4,4
Ambos sexos;De 2.300 a menos de 3.800 euros;Total personas;100,0
Ambos sexos;De 2.300 a menos de 3.800 euros;Educación primaria o inferior;1,6
Ambos sexos;De 2.300 a menos de 3.800 euros;1ª etapa de educación secundaria;19,7
Ambos sexos;De 2.300 a menos de 3.800 euros;2ª etapa de educación secundaria: Bachillerato y similares;17,0
Ambos sexos;De 2.300 a menos de 3.800 euros;2ª etapa de educación secundaria: enseñanzas con orientación profesional;12,6
Ambos sexos;De 2.300 a menos de 3.800 euros;Formación profesional de grado superior;14,8
Ambos sexos;De 2.300 a menos de 3.800 euros;Grado universitario (240 créditos ECTS), diplomatura;13,9
Ambos sexos;De 2.300 a menos de 3.800 euros;Grado universitario (más de 240 créditos), licenciatura;11,5
Ambos sexos;De 2.300 a menos de 3.800 euros;Máster, especialidad en Ciencias de la Salud y doctorado;8,9
Ambos sexos;De 3.800 euros en adelante;Total personas;100,0
Ambos sexos;De 3.800 euros en adelante;Educación primaria o inferior;..
Ambos sexos;De 3.800 euros en adelante;1ª etapa de educación secundaria;8,4
Ambos sexos;De 3.800 euros en adelante;2ª etapa de educación secundaria: Bachillerato y similares;15,4
Ambos sexos;De 3.800 euros en adelante;2ª etapa de educación secundaria: enseñanzas con orientación profesional;6,9
Ambos sexos;De 3.800 euros en adelante;Formación profesional de grado superior;9,9
Ambos sexos;De 3.800 euros en adelante;Grado universitario (240 créditos ECTS), diplomatura;16,5
Ambos sexos;De 3.800 euros en adelante;Grado universitario (más de 240 créditos), licenciatura;21,1
Ambos sexos;De 3.800 euros en adelante;Máster, especialidad en Ciencias de la Salud y doctorado;21,1
Ambos sexos;Negativa/No sabe;Total personas;100,0
Ambos sexos;Negativa/No sabe;Educación primaria o inferior;7,6
Ambos sexos;Negativa/No sabe;1ª etapa de educación secundaria;34,7
Ambos sexos;Negativa/No sabe;2ª etapa de educación secundaria: Bachillerato y similares;19,8
Ambos sexos;Negativa/No sabe;2ª etapa de educación secundaria: enseñanzas con orientación profesional;11,1
Ambos sexos;Negativa/No sabe;Formación profesional de grado superior;6,8
Ambos sexos;Negativa/No sabe;Grado universitario (240 créditos ECTS), diplomatura;7,9
Ambos sexos;Negativa/No sabe;Grado universitario (más de 240 créditos), licenciatura;8,0
Ambos sexos;Negativa/No sabe;Máster, especialidad en Ciencias de la Salud y doctorado;4,2
Hombres;Total;Total personas;100,0
Hombres;Total;Educación primaria o inferior;4,1
Hombres;Total;1ª etapa de educación secundaria;31,6
Hombres;Total;2ª etapa de educación secundaria: Bachillerato y similares;17,3
Hombres;Total;2ª etapa de educación secundaria: enseñanzas con orientación profesional;11,8
Hombres;Total;Formación profesional de grado superior;12,4
Hombres;Total;Grado universitario (240 créditos ECTS), diplomatura;8,1
Hombres;Total;Grado universitario (más de 240 créditos), licenciatura;8,4
Hombres;Total;Máster, especialidad en Ciencias de la Salud y doctorado;6,3
Hombres;Menos de 1.100 euros;Total personas;100,0
Hombres;Menos de 1.100 euros;Educación primaria o inferior;11,5
Hombres;Menos de 1.100 euros;1ª etapa de educación secundaria;46,2
Hombres;Menos de 1.100 euros;2ª etapa de educación secundaria: Bachillerato y similares;15,0
Hombres;Menos de 1.100 euros;2ª etapa de educación secundaria: enseñanzas con orientación profesional;10,4
Hombres;Menos de 1.100 euros;Formación profesional de grado superior;7,7
Hombres;Menos de 1.100 euros;Grado universitario (240 créditos ECTS), diplomatura;3,2
Hombres;Menos de 1.100 euros;Grado universitario (más de 240 créditos), licenciatura;3,5
Hombres;Menos de 1.100 euros;Máster, especialidad en Ciencias de la Salud y doctorado;2,6
Hombres;De 1.100 a menos de 1.650 euros;Total personas;100,0
Hombres;De 1.100 a menos de 1.650 euros;Educación primaria o inferior;5,5
Hombres;De 1.100 a menos de 1.650 euros;1ª etapa de educación secundaria;44,7
Hombres;De 1.100 a menos de 1.650 euros;2ª etapa de educación secundaria: Bachillerato y similares;18,5
Hombres;De 1.100 a menos de 1.650 euros;2ª etapa de educación secundaria: enseñanzas con orientación profesional;12,0
Hombres;De 1.100 a menos de 1.650 euros;Formación profesional de grado superior;10,4
Hombres;De 1.100 a menos de 1.650 euros;Grado universitario (240 créditos ECTS), diplomatura;3,5
Hombres;De 1.100 a menos de 1.650 euros;Grado universitario (más de 240 créditos), licenciatura;3,2
Hombres;De 1.100 a menos de 1.650 euros;Máster, especialidad en Ciencias de la Salud y doctorado;2,2
Hombres;De 1.650 a menos de 2.300 euros;Total personas;100,0
Hombres;De 1.650 a menos de 2.300 euros;Educación primaria o inferior;2,8
Hombres;De 1.650 a menos de 2.300 euros;1ª etapa de educación secundaria;35,4
Hombres;De 1.650 a menos de 2.300 euros;2ª etapa de educación secundaria: Bachillerato y similares;17,6
Hombres;De 1.650 a menos de 2.300 euros;2ª etapa de educación secundaria: enseñanzas con orientación profesional;13,1
Hombres;De 1.650 a menos de 2.300 euros;Formación profesional de grado superior;14,1
Hombres;De 1.650 a menos de 2.300 euros;Grado universitario (240 créditos ECTS), diplomatura;7,1
Hombres;De 1.650 a menos de 2.300 euros;Grado universitario (más de 240 créditos), licenciatura;6,4
Hombres;De 1.650 a menos de 2.300 euros;Máster, especialidad en Ciencias de la Salud y doctorado;3,6
Hombres;De 2.300 a menos de 3.800 euros;Total personas;100,0
Hombres;De 2.300 a menos de 3.800 euros;Educación primaria o inferior;1,5
Hombres;De 2.300 a menos de 3.800 euros;1ª etapa de educación secundaria;23,3
Hombres;De 2.300 a menos de 3.800 euros;2ª etapa de educación secundaria: Bachillerato y similares;17,3
Hombres;De 2.300 a menos de 3.800 euros;2ª etapa de educación secundaria: enseñanzas con orientación profesional;13,8
Hombres;De 2.300 a menos de 3.800 euros;Formación profesional de grado superior;16,1
Hombres;De 2.300 a menos de 3.800 euros;Grado universitario (240 créditos ECTS), diplomatura;11,1
Hombres;De 2.300 a menos de 3.800 euros;Grado universitario (más de 240 créditos), licenciatura;9,7
Hombres;De 2.300 a menos de 3.800 euros;Máster, especialidad en Ciencias de la Salud y doctorado;7,2
Hombres;De 3.800 euros en adelante;Total personas;100,0
Hombres;De 3.800 euros en adelante;Educación primaria o inferior;..
Hombres;De 3.800 euros en adelante;1ª etapa de educación secundaria;9,7
Hombres;De 3.800 euros en adelante;2ª etapa de educación secundaria: Bachillerato y similares;17,0
Hombres;De 3.800 euros en adelante;2ª etapa de educación secundaria: enseñanzas con orientación profesional;7,3
Hombres;De 3.800 euros en adelante;Formación profesional de grado superior;12,7
Hombres;De 3.800 euros en adelante;Grado universitario (240 créditos ECTS), diplomatura;14,4
Hombres;De 3.800 euros en adelante;Grado universitario (más de 240 créditos), licenciatura;20,3
Hombres;De 3.800 euros en adelante;Máster, especialidad en Ciencias de la Salud y doctorado;18,0
Hombres;Negativa/No sabe;Total personas;100,0
Hombres;Negativa/No sabe;Educación primaria o inferior;7,9
Hombres;Negativa/No sabe;1ª etapa de educación secundaria;37,0
Hombres;Negativa/No sabe;2ª etapa de educación secundaria: Bachillerato y similares;18,1
Hombres;Negativa/No sabe;2ª etapa de educación secundaria: enseñanzas con orientación profesional;11,1
Hombres;Negativa/No sabe;Formación profesional de grado superior;6,4
Hombres;Negativa/No sabe;Grado universitario (240 créditos ECTS), diplomatura;7,2
Hombres;Negativa/No sabe;Grado universitario (más de 240 créditos), licenciatura;8,1
Hombres;Negativa/No sabe;Máster, especialidad en Ciencias de la Salud y doctorado;..
Mujeres;Total;Total personas;100,0
Mujeres;Total;Educación primaria o inferior;4,3
Mujeres;Total;1ª etapa de educación secundaria;26,4
Mujeres;Total;2ª etapa de educación secundaria: Bachillerato y similares;17,3
Mujeres;Total;2ª etapa de educación secundaria: enseñanzas con orientación profesional;11,0
Mujeres;Total;Formación profesional de grado superior;10,5
Mujeres;Total;Grado universitario (240 créditos ECTS), diplomatura;12,2
Mujeres;Total;Grado universitario (más de 240 créditos), licenciatura;10,0
Mujeres;Total;Máster, especialidad en Ciencias de la Salud y doctorado;8,3
Mujeres;Menos de 1.100 euros;Total personas;100,0
Mujeres;Menos de 1.100 euros;Educación primaria o inferior;9,5
Mujeres;Menos de 1.100 euros;1ª etapa de educación secundaria;40,3
Mujeres;Menos de 1.100 euros;2ª etapa de educación secundaria: Bachillerato y similares;17,6
Mujeres;Menos de 1.100 euros;2ª etapa de educación secundaria: enseñanzas con orientación profesional;11,6
Mujeres;Menos de 1.100 euros;Formación profesional de grado superior;8,7
Mujeres;Menos de 1.100 euros;Grado universitario (240 créditos ECTS), diplomatura;6,3
Mujeres;Menos de 1.100 euros;Grado universitario (más de 240 créditos), licenciatura;3,4
Mujeres;Menos de 1.100 euros;Máster, especialidad en Ciencias de la Salud y doctorado;2,7
Mujeres;De 1.100 a menos de 1.650 euros;Total personas;100,0
Mujeres;De 1.100 a menos de 1.650 euros;Educación primaria o inferior;6,3
Mujeres;De 1.100 a menos de 1.650 euros;1ª etapa de educación secundaria;35,9
Mujeres;De 1.100 a menos de 1.650 euros;2ª etapa de educación secundaria: Bachillerato y similares;19,2
Mujeres;De 1.100 a menos de 1.650 euros;2ª etapa de educación secundaria: enseñanzas con orientación profesional;11,8
Mujeres;De 1.100 a menos de 1.650 euros;Formación profesional de grado superior;10,0
Mujeres;De 1.100 a menos de 1.650 euros;Grado universitario (240 créditos ECTS), diplomatura;7,0
Mujeres;De 1.100 a menos de 1.650 euros;Grado universitario (más de 240 créditos), licenciatura;5,7
Mujeres;De 1.100 a menos de 1.650 euros;Máster, especialidad en Ciencias de la Salud y doctorado;4,1
Mujeres;De 1.650 a menos de 2.300 euros;Total personas;100,0
Mujeres;De 1.650 a menos de 2.300 euros;Educación primaria o inferior;2,4
Mujeres;De 1.650 a menos de 2.300 euros;1ª etapa de educación secundaria;28,6
Mujeres;De 1.650 a menos de 2.300 euros;2ª etapa de educación secundaria: Bachillerato y similares;17,2
Mujeres;De 1.650 a menos de 2.300 euros;2ª etapa de educación secundaria: enseñanzas con orientación profesional;12,4
Mujeres;De 1.650 a menos de 2.300 euros;Formación profesional de grado superior;12,1
Mujeres;De 1.650 a menos de 2.300 euros;Grado universitario (240 créditos ECTS), diplomatura;13,1
Mujeres;De 1.650 a menos de 2.300 euros;Grado universitario (más de 240 créditos), licenciatura;8,9
Mujeres;De 1.650 a menos de 2.300 euros;Máster, especialidad en Ciencias de la Salud y doctorado;5,2
Mujeres;De 2.300 a menos de 3.800 euros;Total personas;100,0
Mujeres;De 2.300 a menos de 3.800 euros;Educación primaria o inferior;1,7
Mujeres;De 2.300 a menos de 3.800 euros;1ª etapa de educación secundaria;15,8
Mujeres;De 2.300 a menos de 3.800 euros;2ª etapa de educación secundaria: Bachillerato y similares;16,6
Mujeres;De 2.300 a menos de 3.800 euros;2ª etapa de educación secundaria: enseñanzas con orientación profesional;11,2
Mujeres;De 2.300 a menos de 3.800 euros;Formación profesional de grado superior;13,4
Mujeres;De 2.300 a menos de 3.800 euros;Grado universitario (240 créditos ECTS), diplomatura;17,0
Mujeres;De 2.300 a menos de 3.800 euros;Grado universitario (más de 240 créditos), licenciatura;13,4
Mujeres;De 2.300 a menos de 3.800 euros;Máster, especialidad en Ciencias de la Salud y doctorado;10,8
Mujeres;De 3.800 euros en adelante;Total personas;100,0
Mujeres;De 3.800 euros en adelante;Educación primaria o inferior;..
Mujeres;De 3.800 euros en adelante;1ª etapa de educación secundaria;6,9
Mujeres;De 3.800 euros en adelante;2ª etapa de educación secundaria: Bachillerato y similares;13,6
Mujeres;De 3.800 euros en adelante;2ª etapa de educación secundaria: enseñanzas con orientación profesional;6,5
Mujeres;De 3.800 euros en adelante;Formación profesional de grado superior;6,8
Mujeres;De 3.800 euros en adelante;Grado universitario (240 créditos ECTS), diplomatura;18,9
Mujeres;De 3.800 euros en adelante;Grado universitario (más de 240 créditos), licenciatura;21,9
Mujeres;De 3.800 euros en adelante;Máster, especialidad en Ciencias de la Salud y doctorado;24,7
Mujeres;Negativa/No sabe;Total personas;100,0
Mujeres;Negativa/No sabe;Educación primaria o inferior;7,2
Mujeres;Negativa/No sabe;1ª etapa de educación secundaria;32,4
Mujeres;Negativa/No sabe;2ª etapa de educación secundaria: Bachillerato y similares;21,4
Mujeres;Negativa/No sabe;2ª etapa de educación secundaria: enseñanzas con orientación profesional;11,1
Mujeres;Negativa/No sabe;Formación profesional de grado superior;7,2
Mujeres;Negativa/No sabe;Grado universitario (240 créditos ECTS), diplomatura;8,6
Mujeres;Negativa/No sabe;Grado universitario (más de 240 créditos), licenciatura;7,8
Mujeres;Negativa/No sabe;Máster, especialidad en Ciencias de la Salud y doctorado;4,3
