CCAA,Gasto_2022 (miles €),% del Total,Per cápita (€/persona),Partido
Andalucía,9870292,"23,49%",1142,PP
Aragón,1523265,"18,82%",1130,PP
Asturias,1042252,"16,59%",1032,PSOE
Cantabria,736202,"20,75%",1245,PP
Castilla y León,2688649,"19,94%",1125,PP
Castilla-La Mancha,2264475,"19,51%",1074,PSOE
Canarias,2365759,"19,76%",1052,CC
Cataluña,8239246,"17,46%",1021,PSC
Extremadura,1370679,"18,26%",1303,PP
Galicia,2850942,"19,26%",1053,PP
Islas Baleares,1342531,"18,34%",1083,PP
Región de Murcia,1963453,"25,11%",1245,PP
Comunidad de Madrid,6259087,"20,46%",887,PP
Navarra,1003024,"15,78%",1474,PSN-PSOE
País Vasco,3566317,"23,65%",1597,EAJ-PNV
La Rioja,403159,"20,49%",1240,PP
Comunidad Valenciana,6547192,"21,65%",1221,PP
