Código comunidad,Nombre comunidad,Total
1,Andalucía,8511167
2,Aragón,1328215
3,"Asturias, Principado de",1004960
4,"Balears, Illes",1187043
5,Canarias,2185607
6,Cantabria,585450
7,Castilla y León,2375583
8,Castilla - La Mancha,2058278
9,Cataluña,7761823
10,Comunitat Valenciana,5108116
11,Extremadura,1056808
12,Galicia,2692825
13,"Madrid, Comunidad de",6743254
14,"Murcia, Región de",1529658
15,"Navarra, Comunidad Foral de",664514
16,País Vasco,2205826
17,"Rioja, La",319617
18,Ceuta,83051
19,Melilla,84932
