Código comunidad,Nombre comunidad,Renta media por hogar en 2022
1,Andalucía,29994
2,Aragón,35569
3,"Asturias, Principado de",33242
4,"Balears, Illes",40597
5,Canarias,33274
6,Cantabria,34461
7,Castilla y León,32212
8,Castilla - La Mancha,30839
9,Cataluña,40106
10,Comunitat Valenciana,32106
11,Extremadura,26968
12,Galicia,33014
13,"Madrid, Comunidad de",45726
14,"Murcia, Región de",32743
15,"Navarra, Comunidad Foral de",4076
16,País Vasco,41256
17,"Rioja, La",33314
18,Ceuta,42318
19,Melilla,43422
